"CCA","Ind.Count.Total","Ind.Count.Total.5..","Ind.Count.Total.95..","HH.Count.Total","HH.Count.Total.5..","HH.Count.Total.95..","Ind25.Count.Total","Ind25.Count.Total.5..","Ind25.Count.Total.95..","LF.Count.Total","LF.Count.Total.5..","LF.Count.Total.95..","Ind.Count.White","Ind.Count.White.5..","Ind.Count.White.95..","Ind.Count.BlackAA","Ind.Count.BlackAA.5..","Ind.Count.BlackAA.95..","Ind.Count.Hispanic","Ind.Count.Hispanic.5..","Ind.Count.Hispanic.95..","Ind.Count.100FPL","Ind.Count.100FPL.5..","Ind.Count.100FPL.95..","LF.Count.Employed","LF.Count.Employed.5..","LF.Count.Employed.95..","LF.Count.Unemployed","LF.Count.Unemployed.5..","LF.Count.Unemployed.95..","Ind25.Count.LessThanHS","Ind25.Count.LessThanHS.5..","Ind25.Count.LessThanHS.95..","Ind25.Count.HSGrad","Ind25.Count.HSGrad.5..","Ind25.Count.HSGrad.95..","Ind25.Count.Bachelors","Ind25.Count.Bachelors.5..","Ind25.Count.Bachelors.95.."
"ALBANY PARK",52079,46036.5377096245,58121.4622903755,50477,44915.4949099671,56038.5050900329,34545,30894.3248680852,38195.6751319148,29229,25294.350138569,33163.649861431,28931,23159.5135958882,34702.4864041118,2291,824.130534505891,3757.86946549411,25003,19554.484855162,30451.515144838,50390,44826.4950879283,55953.5049120717,26686,22992.32869425,30379.67130575,2543,1265.11371717691,3820.88628282309,8333,5711.23330707188,10954.7666929281,8214,5692.22440901421,10735.7755909858,10482,8453.18054158994,12510.8194584101
"ARCHER HEIGHTS",13127.0720173392,11451.0270453979,14803.1169892806,13117.0720173392,11440.0271343784,14794.1169003,7855.76288396193,6960.64445659476,8750.8813113291,6390.75097628185,5469.02058479561,7312.48136776808,7829.33024999202,6147.37957266766,9511.28092731638,126.709207948503,-35.9516573723099,289.370073269315,10013.284738071,8268.45243723323,11758.1170389087,13061.0720173392,11430.0230412719,14692.1209934065,5677.14734835464,4803.52154187058,6550.77315483871,713.603627927202,409.090595922065,1018.11665993234,2510.66521492288,1886.59375457146,3134.73667527431,2799.10649478659,2124.02248480656,3474.19050476662,878.885490451316,557.905393066324,1199.86558783631
"ARMOUR SQUARE",14319.0042222511,12961.8985082283,15676.1099362738,14308.576796796,12951.3140479992,15665.8395455928,10289.2843618877,9306.81500541606,11271.7537183593,6985.61402027837,6039.15656714197,7932.07147341477,1957.51990006332,1363.12924504217,2551.91055508448,1342.0555730136,981.63167852492,1702.47946750228,494.483078802875,110.273864530418,878.692293075332,14313.5263096759,12956.9652115176,15670.0874078341,6040.89671778981,5184.70026962089,6897.09316595872,944.717302488564,499.935016081811,1389.49958889532,3515.32696045833,2740.81629250378,4289.83762841289,3009.46289450522,2289.52552945322,3729.40025955722,2200.84903713363,1602.40887595251,2799.28919831475
"ASHBURN",42638.999899286,38763.1648865473,46514.8349120248,42025.7443318233,38175.3791490936,45876.1095145529,26690.2372493726,24584.2693283885,28796.2051703567,21696.9854015239,19024.5600580591,24369.4107449888,11843.3885219449,9218.4301845025,14468.3468593873,20839.1572616513,17662.8523547901,24015.4621685126,15449.7116724177,12573.1125587838,18326.3107860515,42066.3804970837,38214.967691549,45917.7933026184,18916.4116286653,16509.9241727314,21322.8990845991,2780.57377285867,1668.75015591093,3892.3973898064,4557.62861039763,3121.74697047953,5993.51025031573,7764.98482137646,6033.68622675803,9496.28341599489,5340.19903907043,3930.92691058693,6749.47116755393
"AUBURN GRESHAM",46065.1171626825,40661.5964845818,51468.6378407832,45942.9661462585,40559.8699081149,51326.062384402,30804.7688110484,27406.8780427955,34202.6595793013,19791.9749342144,16652.5427661188,22931.40710231,442.068884927764,-90.2856185476261,974.423388403154,44762.5912049487,39400.7989994396,50124.3834104578,700.07618678724,-175.794221373448,1575.94659494793,45882.1700040994,40511.8318684649,51252.5081397339,14844.3957861439,12170.7400455193,17518.0515267685,4947.57914807052,3103.03791383985,6792.12038230119,5377.94406635105,3530.94479846637,7224.94333423573,10382.4696901928,7931.12261834713,12833.8167620384,4297.5508718909,2836.53592164244,5758.56582213935
"AUSTIN",97684.7399468002,85640.385374937,109729.094518663,96536.6773587858,84596.3072746981,108477.047442873,61792.7945548427,54581.9202015194,69003.6689081661,41371.5121264278,34792.7317352487,47950.2925176069,7979.87983101236,4573.11133093704,11386.6483310877,81643.365357534,70246.4615411496,93040.2691739185,11155.5017994054,5620.96849163829,16690.0351071725,96603.7399468002,84652.3770997434,108555.102793857,33396.6942575497,27774.0102900306,39019.3782250688,7974.81786887811,4815.90354483425,11133.732192922,14130.3666092943,9950.09254081319,18310.6406777755,22731.3054295102,17429.9934268759,28032.6174321446,7687.62243780316,5099.9389268538,10275.3059487525
"AVALON PARK",9723.60325009909,8804.3139372332,10642.892562965,9718.67789668384,8799.38858381795,10637.9672095497,6999.83379574581,6373.45817119247,7626.20942029914,4446.57140969745,3814.13660707345,5079.00621232145,85.7011494252874,-10.0064124450731,181.408711295648,9494.67868939094,8578.38910958332,10410.9682691986,61.0743823490554,-20.8434170888186,142.992181786929,9703.60325009909,8783.31402621378,10623.8924739844,3446.54366494913,2905.92154024971,3987.16578964856,1000.02774474832,610.898942955331,1389.1565465413,801.878715814507,473.207078619215,1130.5503530098,1771.99524375743,1330.3491177802,2213.64136973466,1546.96644206632,1157.52441672636,1936.40846740628
"AVONDALE",39721,34875.4311998743,44566.5688001257,39642,34803.4305770102,44480.5694229898,26009,23166.2529717793,28851.7470282207,21189,18410.2472770224,23967.7527229776,33135,28174.4414326406,38095.5585673594,971,136.074298781472,1805.92570121853,24563,19569.4443689996,29556.5556310004,39469,34695.4247932728,44242.5752067273,19574,16854.2420271684,22293.7579728316,1615,858.067358296496,2371.93264170351,7214,5056.19202008433,9371.80797991567,7059,5041.17956280361,9076.8204371964,6888,5227.14779673776,8548.85220326224
"BELMONT CRAGIN",79156.7737086636,70555.3483740543,87758.1990432728,78849.0442743919,70269.6470423937,87428.4415063901,47991.5179010659,43044.5957261277,52938.4400760041,40156.7187756218,35105.1215755729,45208.3159756706,35928.9182836841,27997.6216181482,43860.21494922,2860.45258267286,850.49534298204,4870.40982236368,63348.6657556709,54304.8359528555,72392.4955584864,78698.8188029516,70179.3861719351,87218.2514339681,35423.4323585679,30570.7122407414,40276.1524763945,4733.28641705384,2767.42336772625,6699.14946638143,17861.2366766876,13769.3135738157,21953.1597795596,14029.3798852145,10794.7270379241,17264.032732505,5864.28095107953,3786.49509307823,7942.06680908082
"BEVERLY",20815,19151.1480636795,22478.8519363205,20789,19126.1479746989,22451.8520253011,14237,13231.0895144601,15242.9104855399,10814,9665.10223868253,11962.8977613175,12677,11415.1122934877,13938.8877065123,7278,5712.13934358297,8843.86065641702,1414,716.062108442476,2111.93789155752,20795,19132.1479746989,22457.8520253011,10060,8982.09592106159,11137.9040789384,754,300.040397181782,1207.95960281822,488,169.02838480394,806.971615196061,2053,1335.06388805401,2770.93611194599,7902,6923.0871119845,8880.9128880155
"BRIDGEPORT",33673.6271915961,29931.8662338108,37415.3881493815,33635.7422710956,29893.1751803781,37378.309361813,23445.3201642158,20960.9010811491,25929.7392472825,18576.4260872726,16295.9370022191,20856.9151723262,16326.2681348907,13248.6756729168,19403.8605968646,1030.82634497878,290.631623492703,1771.02106646487,9529.25835072883,6420.42124707385,12638.0954543838,33534.1051041713,29834.7957043567,37233.414503986,16539.9542792974,14346.7212177568,18733.1873408379,2036.47180797525,1124.66609899562,2948.27751695488,4935.52112378993,3442.71641579058,6428.32583178929,7142.0596239801,5317.42284428752,8966.69640367269,5773.00151182447,4377.85524327659,7168.14778037236
"BRIGHTON PARK",44454.4044243632,39436.4274859242,49472.3813628022,44024.5636240152,39036.4200464093,49012.7072016211,25856.8389692366,22976.6957221085,28736.9822163648,20208.3660562677,17385.8318124739,23030.9003000616,25655.8615525158,20441.9902869275,30869.732818104,1225.41528241971,213.429952768859,2237.40061207056,37601.2630034328,32399.1735645863,42803.3524422793,43850.5636240152,38884.4180888366,48816.7091591938,17710.5229075852,15136.9159227383,20284.1298924321,2497.84314868257,1418.84975200415,3576.83654536098,11436.3376038612,9100.40511263518,13772.2700950873,7743.13800653056,5936.26552248349,9550.01049057762,2247.61406449887,1274.91157657112,3220.31655242662
"BURNSIDE",2539.08678403174,2060.79312053056,3017.38044753291,2539.08678403174,2060.79312053056,3017.38044753291,1640.00991817506,1438.93135760109,1841.08847874902,1063.07785767419,839.54877820119,1286.60693714719,0,-10.7372046908427,10.7372046908427,2539.08678403174,2060.79312053056,3017.38044753291,0,-10.7372046908427,10.7372046908427,2539.08678403174,2060.79312053056,3017.38044753291,834.64790478552,625.760468072761,1043.53534149827,228.429952888669,122.034015497591,334.825890279746,348.502107612199,194.276803871004,502.727411353395,529.098437887429,380.729791250329,677.467084524528,139.596082320853,69.3161970717007,209.875967570005
"CALUMET HEIGHTS",13785.4941733316,12287.8930435729,15283.0953030902,13778.4941733316,12280.8930435729,15276.0953030902,10387.0484129785,9333.0586968098,11441.0381291472,6506.14421922877,5512.49231221012,7499.79612624743,533.119539628564,213.240075940561,852.999003316567,12974.610574064,11453.9366871569,14495.2844609711,442.159822129218,153.283354174239,731.036290084196,13779.4941733316,12282.8929545924,15276.0953920708,5409.1726549843,4475.81489035317,6342.53041961542,1096.97156424447,650.649750195832,1543.29337829311,1200.82172184111,624.391145732415,1777.2522979498,2503.17804654888,1805.00758650461,3201.34850659315,2842.93648372675,2102.78338748086,3583.08957997265
"CHATHAM",31448.3967499009,27436.1249149706,35460.6685848312,31401.3221033162,27390.0501794053,35412.594027227,21900.1662042542,19402.8198041289,24397.5126043795,14887.4285903026,12346.1458172767,17428.7113633284,410.298850574713,-39.9450041600963,860.542705309522,30519.3213106091,26471.0526789796,34567.5899422386,287.925617650945,-70.1174314574718,645.96866675936,31315.3967499009,27328.1226904562,35302.6708093456,11907.4563350509,9736.31977507406,14078.5928950277,2979.97225525168,1670.25223504433,4289.69227545903,2966.12128418549,1804.92550243994,4127.31706593105,6060.00475624257,4378.83978798395,7741.16972450119,4904.03355793368,3481.63681607846,6326.43029978889
"CHICAGO LAWN",55437.1486053222,49362.4892762974,61511.8079343471,55141.1486053222,49088.4873187247,61193.8098919197,31886.8558832959,28517.2459930946,35256.4657734972,25019.7465533825,21388.0113839931,28651.4817227719,9678.59971144598,6279.60465164038,13077.5947712516,26174.336646361,21908.230227528,30440.4430651941,26320.6630330234,21750.174434912,30891.1516311348,55023.2354921449,49075.3837309017,60971.0872533881,19681.5141070856,16630.3287502738,22732.6994638974,5338.23244629689,3603.53878586061,7072.92610673317,9820.82718820135,7555.8690768548,12085.7852995479,11369.2226675216,9015.30870178345,13723.1366332598,2727.47499198461,1486.70483555756,3968.24514841166
"CLEARING",24962,22768.1952233851,27155.8047766149,24952,22759.1951344045,27144.8048655955,16941,15410.1362292628,18471.8637707372,13210,11666.1373860103,14753.8626139897,17151,14746.2139982867,19555.7860017133,147,-55.9819369429477,349.981936942947,12361,10430.1718214934,14291.8281785066,24933,22747.1945115405,27118.8054884595,11917,10437.1316912534,13396.8683087466,1293,648.057392471915,1937.94260752808,2729,1741.08791280969,3716.91208719031,6749,5531.10837834232,7966.89162165768,2897,2020.07803596569,3773.92196403431
"DOUGLAS",19977.6362793793,17490.9854546339,22464.2871041247,17374.6362793793,15153.9617858005,19595.3107729581,13107.3201537679,11475.3231149489,14739.3171925869,9235.79575379821,7776.53943099686,10695.0520765996,2419.45368783275,1568.40218706657,3270.50518859893,14187.0812123967,12101.342887695,16272.8195370983,477.153053715968,140.904633858321,813.401473573615,17476.6362793793,15260.9613408976,19692.311217861,7846.00873641951,6573.13968988859,9118.87778295043,1389.7870173787,704.658530557763,2074.91550419963,1813.7585914167,1119.17567821679,2508.34150461661,2564.71569384928,1724.80364297669,3404.62774472187,5246.73811950829,3923.04353158843,6570.43270742815
"DUNNING",43025,39298.331630609,46751.668369391,42858,39179.3273595414,46536.6726404586,30942,28356.2301037711,33527.7698962289,23377,20640.2435398382,26113.7564601618,36409,32546.3437319674,40271.6562680326,1071,-198.886994667702,2340.8869946677,11448,8475.26453925426,14420.7354607457,42855,39177.3272705608,46532.6727294392,21689,19086.2316164409,24291.7683835591,1688,835.07590043185,2540.92409956815,4173,2750.12661936052,5595.87338063948,10096,8098.17778319208,12093.8222168079,7306,5547.15651683426,9064.84348316573
"EAST GARFIELD PARK",20617.0779971112,17553.7044778923,23680.4515163302,19778.0779971112,16774.6991390577,22781.4568551648,11784.2782859894,10201.3026384065,13367.2539335723,6960.84737602311,5494.24413623615,8427.45061581007,1142.98411169957,383.373807458734,1902.5944159404,18877.4877226769,15815.9354183768,21939.040026977,725.116514203178,63.4161297491861,1386.81689865717,20230.9407799711,17198.2328034172,23263.648756525,5588.93018777082,4343.79688823876,6834.06348730289,1371.91718825229,634.432502953042,2109.40187355153,2541.06403466538,1625.77379502876,3456.35427430201,4181.63023591719,3021.08112819043,5342.17934364395,1498.21376986038,834.650768297983,2161.77677142277
"EAST SIDE",23191.6959145092,20506.1054186113,25877.286410407,23182.0243415742,20496.4338456764,25867.614837472,13423.3277705756,11868.606553248,14978.0489879033,10567.4188790871,9173.95759012322,11960.8801680509,19266.2021523919,16388.8864344257,22143.5178703581,952.239466515483,124.530482007427,1779.94845102354,18536.4248105809,15736.6937295165,21336.1558916453,23168.6959145092,20474.1062194365,25863.2856095818,8985.03952396183,7729.45899616213,10240.6200517615,1582.37935512522,939.074937341342,2225.6837729091,4020.12293924502,2927.65567925579,5112.59019923424,4933.64703527598,3874.09651110109,5993.19755945087,1640.74507587907,1033.03612458966,2248.45402716847
"EDGEWATER",54873,48617.5566624873,61128.4433375127,51818,45740.5408239446,57895.4591760554,42621,38123.4002346336,47118.5997653664,34108,29675.3944508961,38540.6055491039,36854,31084.5134179271,42623.4865820729,7947,4422.31365653256,11471.6863434674,8918,4914.35627822876,12921.6437217712,52011,45945.5397561777,58076.4602438223,31304,27239.3617060439,35368.6382939561,2804,1138.14824164064,4469.85175835936,3670,1711.17431294958,5628.82568705042,6042,3608.21657872348,8475.78342127652,23300,19604.3288722112,26995.6711277888
"EDISON PARK",11356,10437.0817731499,12274.9182268501,11351,10432.0817731499,12269.9182268501,8463,7839.05552387981,9086.94447612019,6242,5568.05997290864,6915.94002709136,10814,9798.09040426584,11829.9095957342,120,-92.9810471371815,332.981047137182,1063,703.032033007581,1422.96796699242,11356,10437.0817731499,12274.9182268501,5980,5343.05668062731,6616.94331937269,262,100.014414853411,423.985585146588,438,195.021622280117,680.978377719883,1741,1278.04119800697,2203.95880199303,3927,3366.04991810348,4487.95008189652
"ENGLEWOOD",26108.6663628077,21929.5751727122,30287.7575529031,25979.6663628077,21805.5747278093,30153.757997806,15567.3372835005,13253.4894062957,17881.1851607052,9816.44393801276,7897.39137523995,11735.4965007856,311,-80.9049608835377,702.904960883538,24856.7329079307,20652.7259769821,29060.7398388794,681.294439380128,-132.741598444467,1495.33047720472,26012.6663628077,21844.5741939258,30180.7585316895,6343.23792160438,4854.97746996275,7831.498373246,3473.20601640839,2130.01469721555,4816.39733560122,4004.53965360073,2680.09507090423,5328.98423629723,5627.4129443938,4139.10874094823,7115.71714783938,971.256153144941,424.611088147993,1517.90121814189
"FOREST GLEN",18437,17083.1204797007,19790.8795202993,18404,17053.120212759,19754.879787241,12694,11851.0750106261,13536.9249893739,9270,8388.07848086857,10151.9215191314,14475,13268.107399556,15681.892600444,177,-56.9791785450727,410.979178545073,2204,1413.0703836361,2994.9296163639,18437,17083.1204797007,19790.8795202993,8749,7895.07598941243,9602.92401058757,521,218.026961114714,823.973038885285,691,393.026516211831,988.973483788168,2089,1416.05988392806,2761.94011607194,7434,6604.07385387859,8263.92614612141
"FULLER PARK",2511.67558910414,2094.79237347867,2928.5588047296,2502.64160546663,2085.75838984116,2919.52482109209,1754.98314946577,1490.55773039612,2019.40856853542,1018.90410618177,798.637266105815,1239.17094625773,146.113275303186,52.5617361423473,239.664814464025,2269.51768986896,1901.28855070567,2637.74682903225,171.752518353034,23.1626459993837,320.342390706685,2491.67558910414,2073.79246245925,2909.55871574903,708.495118532483,523.11364091772,893.876596147246,310.408987649291,209.534239760279,411.283735538302,435.414910087227,316.28419368555,554.545626488904,615.86483954962,451.533714083939,780.195965015301,201.062598463103,100.36642983301,301.758767093197
"GAGE PARK",40911.3457959677,36926.2302435606,44896.4613483749,40857.2993348475,36876.183426518,44838.415243177,23099.4425504184,20583.5588251527,25615.3262756842,19375.288670706,16763.7709003562,21986.8064410558,17164.7411879817,13014.743773287,21314.7386026765,1416.90378910189,656.705714120214,2177.10186408357,37763.9317095285,33623.7126884798,41904.1507305772,40500.1523707291,36545.0239695348,44455.2807719235,16402.2209933882,13999.6368607671,18804.8051260094,2973.06767731776,1954.86227522769,3991.27307940784,10287.1003610886,8304.74133894351,12269.4593832337,7751.57017034917,6076.86753059689,9426.27281010146,1345.5161619732,661.762820067469,2029.26950387893
"GARFIELD RIDGE",35587.4714783116,32522.4654880148,38652.4774686084,35346.4641992894,32299.1363624918,38393.792036087,24339.0812707323,22268.3058542525,26409.856687212,17977.2536804469,16056.0900123263,19898.4173485674,26592.6368591506,23047.4199616822,30137.853756619,1524.16209947856,912.299553800626,2136.02464515649,16595.8362402796,13573.8383125747,19617.8341679845,35292.9881301245,32252.6018117059,38333.3744485432,16024.1081631451,14208.7587278934,17839.4575983968,1953.1455173018,1029.2741018381,2877.0169327655,4577.90508721896,3150.15781793072,6005.65235650721,7657.45352969433,5997.62552382283,9317.28153556582,5158.6859072041,3859.56285040891,6457.80896399929
"GRAND BOULEVARD",22750,19101.3246901241,26398.6753098759,22462,18847.3216647845,26076.6783352156,14775,12549.1980707635,17000.8019292365,10385,8319.18383387129,12450.8161661287,932,157.068959946875,1706.93104005313,20730,17093.3236223572,24366.6763776428,574,5.05062994809262,1142.94937005191,22425,18835.31944027,26014.68055973,8091,6320.15758460118,9861.84241539881,2294,1162.10072601272,3425.89927398727,2321,1377.08399766432,3264.91600233568,3475,2229.11086979846,4720.88913020154,3967,2829.10125989619,5104.89874010381
"GREATER GRAND CROSSING",32358.3014048531,27807.9027619896,36908.7000477167,31816.9366538953,27281.5259493083,36352.3473584822,20429.5011494253,17664.7280253361,23194.2742735145,14048.841890166,11545.8094588409,16551.8743214912,498.246743295019,-51.8330415650568,1048.32652815509,31251.5862068966,26667.1691353431,35836.00327845,358.092975734355,-62.0198306302162,778.205782098926,31802.0224776501,27278.6214323109,36325.4235229892,10685.4615581098,8608.59503433964,12762.32808188,3363.38033205619,1967.92162549152,4758.83903862087,3038.13001277139,1846.84624043491,4229.41378510787,6193.74865900383,4467.43025082928,7920.06706717838,3151.61634738186,1946.1836425667,4357.04905219703
"HEGEWISCH",9317.58038447416,8188.08304409041,10447.0777248579,9301.78543792411,8174.26229017868,10429.3085856695,6548.40925998153,5783.78507149795,7313.03344846511,4558.43446655951,3776.94575644768,5339.92317667134,7958.40460133637,6759.38316033191,9157.42604234083,611.110189697743,261.963258958652,960.257120436833,4519.66096663695,3280.66031367444,5758.66161959946,9305.73417456162,8178.21102681619,10433.257322307,4149.12599014073,3404.77493885998,4893.47704142148,409.308476418779,203.57203190066,615.044920936898,856.320507435245,370.509616921561,1342.13139794893,2274.09382255144,1686.267532894,2861.92011220888,1259.08859584142,888.459735548051,1629.71745613478
"HERMOSA",25536.7475728155,22629.7150031325,28443.7801424986,25527.7475728155,22620.7150031325,28434.7801424986,15477.0291262136,13669.7142282908,17284.3440241364,13069.9708737864,11288.3430104014,14851.5987371714,10128.1553398058,7431.87100624573,12824.4396733659,609.728155339806,147.613938382601,1071.84237229701,22533.6019417476,19437.2755374263,25629.9283460688,25476.7475728155,22577.7142912879,28375.7808543432,11915.4368932039,10174.3102800425,13656.5635063653,1154.53398058252,640.14286227003,1668.92509889502,6532.3786407767,5180.4504031464,7884.306878407,3905.8932038835,2798.83637939821,5012.95002836878,1725.03883495146,1112.59818949162,2337.47948041129
"HUMBOLDT PARK",54762.1937646443,47269.1122698853,62255.2752594032,54398.2563526587,46907.1809381831,61889.3317671342,31958.8842281058,27793.8699687334,36123.8984874781,23767.033836121,19779.9606082285,27754.1070640134,11221.2255966055,7417.61576491794,15024.835428293,23074.2220705248,17506.5222829784,28641.9218580711,28467.3058124884,22146.0419020462,34788.5697229305,54426.4153778001,46992.7177919786,61860.1129636216,19789.6856072731,16109.3059319576,23470.0652825885,3977.3482288479,2338.9947893935,5615.7016683023,9890.81074053196,7230.15558576557,12551.4658952983,10454.620473889,7429.09270903207,13480.1482387458,4056.22361369801,2513.71029579063,5598.73693160538
"HYDE PARK",27132.9642924714,23871.8609338289,30394.067651114,24179.9642924714,21357.8218713557,27002.1067135871,17136.0606819078,15228.4633411298,19043.6580226857,14335.6852975956,12314.581376478,16356.7892187132,13523.9032636973,10911.209567082,16136.5969603125,8343.8646826961,5952.17730250641,10735.5520628858,1901.09626330311,837.147134887834,2965.04539171839,24313.9642924714,21490.8219603363,27137.1066246065,13215.6700433583,11260.7664195874,15170.5736671292,1120.01525423729,448.992393645481,1791.0381148291,570.985963736697,138.690148502533,1003.28177897086,1356.70392195506,632.993266722869,2080.41457718726,12485.4228852976,10698.2030900879,14272.6426805073
"IRVING PARK",56466.3532326569,50146.8351345784,62785.8713307354,56048.0370457763,49763.3041957692,62332.7698957834,39152.7458706937,34860.839929306,43444.6518120815,31698.3912222747,27708.1328124321,35688.6496321172,42745.0825861255,36379.9918563704,49110.1733158807,1489.55096743747,448.864671400641,2530.2372634743,26346.0563945257,20322.6978784144,32369.414910637,56025.9230769231,49754.1565105364,62297.6896433097,29592.596035866,25700.2475068468,33484.9445648852,2105.79518640868,883.734280271472,3327.8560925459,7754.80887210949,4818.30756306195,10691.310181157,8663.31783860311,6170.3306249052,11156.305052301,13804.5181689476,11169.9925830989,16439.0437547963
"JEFFERSON PARK",27264,24450.2503913426,30077.7496086574,27230,24417.250302362,30042.749697638,19824,17964.1655038725,21683.8344961275,14821,13110.1522457666,16531.8477542334,21717,18886.2519040124,24547.7480959876,250,-6.97713199181042,506.977131991811,6218,4251.1750247942,8184.82497520581,27207,24411.2487896922,30002.7512103078,13322,11714.1430807672,14929.8569192328,1499,702.070917519561,2295.92908248044,2647,1686.08551033413,3607.91448966587,5516,4087.12715324398,6944.87284675603,6085,4911.10446319695,7258.89553680306
"KENWOOD",17341.4399563325,15446.6935082889,19236.1864043761,17079.4399563325,15205.6916396967,18953.1882729683,12471.6040593533,11166.3673213129,13776.8407973937,8960.9202551101,7715.55042081192,10206.2900894083,3315.18167574012,2374.42116145188,4255.94219002836,11836.5939756094,9994.5484999083,13678.6394513105,653.042381602195,182.085056141466,1123.99970706292,17173.4399563325,15293.6921735802,19053.1877390848,7661.24477641955,6482.254449591,8840.23510324811,1299.67547869055,618.606934167585,1980.74402321351,1094.48628582099,642.902935338418,1546.06963630357,1701.47315167272,1080.72755373733,2322.21874960812,6722.79929097778,5615.99481129273,7829.60377066282
"LAKE VIEW",96942.6878566186,87770.8908973497,106114.484815887,96508.2869409874,87355.2397847519,105661.334097223,73624.7573057384,66021.8861780015,81227.6284334753,72436.4943857538,64603.0000440784,80269.9887274293,82818.9313843971,73676.7325584015,91961.1302103927,3431.43327810804,1091.74462808804,5771.12192812805,6991.40982262953,3171.88108739184,10810.9385578672,96724.061957338,87566.1146485396,105882.009266136,69797.6421633204,62037.7424545642,77557.5418720766,2638.85222243345,945.442227298342,4332.26221756856,1742.72358332425,309.987199273393,3175.45996737512,4599.35427180407,1837.70421739492,7361.00432621321,57869.1213226813,50605.2918737818,65132.9507715809
"LINCOLN PARK",66959,60237.598127436,73680.401872564,63227,56778.5738357386,69675.4261642614,46924,42039.4346701168,51808.5653298832,45388,40530.4322676412,50245.5677323588,57503,50738.6019536008,64267.3980463992,3253,1220.18089751225,5285.81910248775,4418,1883.22556576171,6952.77443423829,63645,57166.5765051559,70123.4234948441,43493,38731.4237255058,48254.5762744942,1895,770.100103148689,3019.89989685131,1312,497.07251916994,2126.92748083006,2636,1176.12991164186,4095.87008835814,38835,34128.4188315741,43541.5811684259
"LINCOLN SQUARE",40761,36730.3586807043,44791.6413192957,40151,36207.3509393942,44094.6490606058,32056,29149.2586665362,34962.7413334638,26529,23658.2554632355,29399.7445367645,31153,27284.3442658509,35021.6557341491,1525,298.109179167504,2751.8908208325,7184,4271.25920041968,10096.7407995803,40177,36234.3508504136,44119.6491495864,24664,21936.242739013,27391.757260987,1865,776.096899847931,2953.90310015207,3290,1809.13178023396,4770.86821976604,3778,2202.14023338874,5353.85976661126,18676,16235.2172015875,21116.7827984125
"LOGAN SQUARE",73629.820368881,65182.2842059151,82077.3565318469,73176.820368881,64750.282337323,81603.358400439,51244.6699086918,45635.015259507,56854.3245578767,44895.3031215849,39244.9104037496,50545.6958394202,59560.1744595075,51264.3412176762,67856.0077013388,4102.21402285329,1130.27308907987,7074.15495662671,34655.9568425113,26591.8205620058,42720.0931230169,73222.5987557252,64838.6677392109,81606.5297722394,42185.807227546,36629.2487297311,47742.3657253609,2709.49589403892,1233.36866945031,4185.62311862753,6762.36105177755,4075.15845914153,9449.56364441356,10731.7934565887,7260.19857298695,14203.3883401904,24203.9597182964,20239.8132345653,28168.1062020275
"LOOP",34605.8349878308,31251.4639514458,37960.2060242158,30672.0309061982,27624.9039571957,33719.1578552007,25869.1967468161,23435.1134758373,28303.2800177948,23452.4607400085,20973.6997288816,25931.2217511354,22797.6009872719,20236.8564136449,25358.345560899,4209.05806674079,2287.98551101744,6130.13062246414,2235.8856914685,1218.92568889611,3252.84569404088,30680.3907320011,27638.3166811986,33722.4647828037,22273.092117207,19836.6452418052,24709.5389926088,1179.36862280149,417.85033864821,1940.88690695478,447.587306833457,69.931248901885,825.24336476503,1282.00564435564,545.974590037998,2018.03669867329,20468.3062341209,18016.3083971667,22920.3040710751
"LOWER WEST SIDE",34227.011100939,29887.7413125041,38566.2808893738,34102.8133157617,29764.4680654342,38441.1585660891,21875.0157750381,19235.7930930706,24514.2384570056,18178.8518633913,15701.7970479943,20655.9066787882,18471.2997195426,13933.3490759153,23009.2503631699,1218.54272760871,379.010678278188,2058.07477693924,27511.4345427981,22816.0435519728,32206.8255336234,34221.011100939,29882.7412235235,38559.2809783544,16204.607781315,13945.8227962908,18463.3927663392,1974.24408207628,1000.10181925999,2948.38634489257,7669.60910105679,5613.92723888519,9725.29096322838,5114.8055202818,3528.58697719215,6701.02406337146,5057.90773591051,3631.0499470739,6484.76552474712
"MCKINLEY PARK",16480.0961915794,14744.1393635614,18216.0530195974,16435.6063227123,14699.688124293,18171.5245211315,10452.2757460863,9401.56814663559,11502.9833455371,8248.61483090582,7180.71508401309,9316.51457779855,8062.48334406597,6339.08288466494,9785.883803467,536.485261996442,-2.96156386692345,1075.93208785981,9755.19402253675,8006.92523473292,11503.4628103406,16475.0961915794,14738.139452542,18212.0529306168,7122.18175034529,6148.58628571973,8095.77721497086,1126.43308056052,672.003716726729,1580.86244439432,3293.84864118365,2510.91523812485,4076.78204424246,2920.09649922056,2283.87063505372,3556.32236338739,2036.06948720531,1425.59007073568,2646.54890367493
"MONTCLARE",13026.2262913364,11363.5650115646,14688.8875711083,12942.9557256081,11282.2642076914,14603.6472435248,8533.48209893414,7603.9272127211,9463.03698514717,6393.28122437825,5415.4149773041,7371.14747145239,8193.08171631593,6689.21800257273,9696.94543005914,682.547417327139,372.711091955704,992.383742698573,8120.33424432905,6332.12797373096,9908.54051492715,12876.1811970484,11212.5200062571,14539.8423878396,5697.56764143209,4818.79779592379,6576.33748694039,695.71358294616,397.778084299204,993.649081593116,1915.76332331238,1444.09253353602,2387.43411308874,2863.62011478546,2143.62488025642,3583.61534931449,1315.71904892047,953.722019528702,1677.71607831224
"MORGAN PARK",29113,26455.2365103726,31770.7634896274,28753,26124.2339299359,31381.7660700641,19705,17947.1564278537,21462.8435721463,13746,11999.1554490673,15492.8445509327,11289,9756.13640722395,12821.8635927761,15891,13542.2090153745,18239.7909846255,2413,1200.10793343944,3625.89206656057,28604,26014.2304596934,31193.7695403066,12129,10429.1512669802,13828.8487330197,1617,830.070027713793,2403.92997228621,2099,1218.078391888,2979.921608112,5074,3702.12208135111,6445.87791864889,5628,4516.09894640119,6739.90105359881
"MOUNT GREENWOOD",18783,17462.1175433417,20103.8824566583,18056,16805.1113147013,19306.8886852987,12040,11179.0766122765,12900.9233877235,9292,8385.08070538299,10198.919294617,17269,15903.1215474677,18634.8784525323,664,354.02758397875,973.972416021249,1205,579.055701840959,1830.94429815904,18120,16828.114962905,19411.885037095,8678,7790.07901475204,9565.92098524796,614,286.029185629129,941.970814370871,589,262.029096648553,915.970903351448,3075,2410.05917208345,3739.94082791655,4274,3382.07937067434,5165.92062932566
"NEAR NORTH SIDE",84615.6186807614,76707.4888589548,92523.7485025681,82692.6186807614,74872.4810286641,90512.7563328588,70393.9246372289,63398.9856497755,77388.8636246823,58165.4216336402,51505.2091006068,64825.6341666736,63496.0683413949,55998.806037306,70993.3306454838,8118.68121001716,4555.1368991224,11682.2255209119,4449.01515447028,1739.6145061722,7158.41580276835,82841.6939850211,75001.5664789307,90681.8214911114,54493.9256514277,47796.7092924137,61191.1420104416,3671.49598221251,1472.83313814376,5870.15882628127,1685.51064908722,435.530019976862,2935.49127819758,3397.94141051646,1456.49984507027,5339.38297596265,55506.5508659697,48365.4496824305,62647.652049509
"NEAR SOUTH SIDE",21607.282321331,19674.8746546176,23539.6899880443,21409.1815880697,19449.8500040165,23368.513172123,16742.65822546,15362.0205664213,18123.2958844986,14856.3545343415,13396.156667924,16316.5524007591,10474.3691914539,9038.39327878544,11910.3451041223,5301.36654318848,3962.86013731959,6639.87294905738,1340.95729308995,768.83747615133,1913.07711002857,21414.6713836155,19444.7858883047,23384.5568789263,14293.4325908875,12823.6938542921,15763.1713274828,562.921943454056,224.66472779454,901.179159113573,1074.37131837165,569.121549659379,1579.62108708393,1222.19570568194,685.481214242202,1758.91019712168,11771.1008574951,10493.9872019579,13048.2145130322
"NEAR WEST SIDE",61712.4585924916,55221.6249711608,68203.2922138224,56820.3111255668,50759.4663456941,62881.1559054395,41310.058357485,37004.5278031789,45615.5889117911,38193.2990602138,33712.2139756599,42674.3841447677,29672.1873874827,25238.2911843017,34106.0835906638,19226.0335172206,14838.896865298,23613.1701691431,6173.66850632581,3572.15845707902,8775.17855557261,57484.4585924916,51240.6029929584,63728.3141920248,34509.9669365341,30516.6782397698,38503.2556332984,3683.33212367969,1713.4949466568,5653.16930070259,3383.48580100191,1850.58212699347,4916.38947501036,4541.21288297278,2721.81547695048,6360.61028899509,27255.3473794786,23746.339441809,30764.3553171481
"NEW CITY",41365.6098586571,35038.6417069279,47692.5780103862,41009.6438422946,34707.673466051,47311.6142185381,23609.5411042656,20050.8030095586,27168.2791989725,18628.513804266,15275.367293734,21981.660314798,21099.9352321595,16223.6361204017,25976.2343439173,10019.8013399818,6912.13270450409,13127.4699754595,25256.8594219455,19880.2935815302,30633.4252623608,41060.6098586571,34764.6389485301,47356.580768784,14608.1392098257,11764.4133774691,17451.8650421823,4020.37459444026,2376.46244411009,5664.28674477043,7830.85188095755,5611.26907416452,10050.4346877506,9888.30680224142,7396.73061618483,12379.882988298,1809.55680452197,945.946994244936,2673.16661479901
"NORTH CENTER",34623,31336.2924791553,37909.7075208447,34542,31255.2924791553,37828.7075208447,25565,23320.1997613945,27809.8002386055,22190,19858.2075027047,24521.7924972953,30421,27248.2823353696,33593.7176646304,701,65.0565916467259,1336.94340835327,4987,2798.19477848221,7175.80522151779,34568,31277.2928350776,37858.7071649224,21253,18954.2045663456,23551.7954336544,937,350.052231598472,1523.94776840153,1706,711.08853567373,2700.91146432627,2677,1611.09485329467,3742.90514670533,17419,15345.1845457159,19492.8154542841
"NORTH LAWNDALE",35357.7207392197,30083.7044397087,40631.7370387307,34482.7207392197,29344.6923383503,39620.7491400891,19616.7022587269,16623.1575614681,22610.2469559857,12227.0318275154,9784.92984464711,14669.1338103837,2091.03080082136,815.84037666049,3366.22122498222,31761.40862423,26602.2281015493,36920.5891469107,2484.46714579055,1027.36272507751,3941.5715665036,34777.7207392197,29585.6971433014,39969.744335138,9432.8839835729,7352.17283902445,11513.5951281213,2794.14784394251,1568.9539973555,4019.34169052951,5175.78952772074,3520.87108800291,6830.70796743857,6108.0431211499,4216.53587885068,7999.55036344911,2142.74127310062,1149.8481096616,3135.63443653963
"NORTH PARK",18442,16909.136407224,19974.863592776,17774,16255.1351614959,19292.8648385041,12831,11764.0949422752,13897.9050577248,9312,8234.09592106159,10389.9040789384,11454,10013.1282210109,12894.8717789891,656,53.0536552876977,1258.9463447123,3632,2385.11095877903,4878.88904122097,17828,16303.1356953793,19352.8643046207,8463,7411.0936075666,9514.9063924334,849,497.031321162968,1200.96867883703,1482,957.046714802721,2006.95328519728,2286,1666.0551679575,2905.9448320425,5831,4787.09289572199,6874.90710427801
"NORWOOD PARK",41387.7632850242,38655.9508293473,44119.575740701,40829.8647342995,38148.0478295938,43511.6816390052,30787.1111111111,28731.1346490721,32843.0875731501,21906.8405797101,19754.8895665145,24058.7915929058,36854.4130434783,33960.9000014478,39747.9260855088,386.98309178744,-21.9467017406099,795.912885315489,4756.66425120773,3281.54914266939,6231.77935974607,40894.9323671498,38211.1156404052,43578.7490938943,20400.0555555556,18248.2397960244,22551.8713150867,1506.78502415459,838.095737537203,2175.47431077198,2269.09178743961,1430.29928056385,3107.88429431538,7604.0845410628,5940.05629192968,9268.11279019593,11318.4492753623,9494.60433020204,13142.2942205226
"OAKLAND",6203.11499738435,5505.96793113944,6900.26206362926,6203.11499738435,5505.96793113944,6900.26206362926,3588.48246559487,3220.21418017708,3956.75075101267,2966.61737926107,2592.85065039017,3340.38410813197,223.16828860095,82.0664961369449,364.270081064955,5812.10216579252,5103.94745628771,6520.25687529732,202.364147623957,44.1425298613374,360.585765386577,6190.22709395986,5491.09744976858,6889.35673815114,2351.93402020549,1999.70495586156,2704.16308454943,614.683359055575,348.58865039282,880.778067718331,533.954341210969,337.517160604709,730.39152181723,686.385930903428,429.624546911328,943.147314895528,1023.4945103206,773.683236655148,1273.30578398605
"OHARE",21733.1998067857,19327.4977551713,24138.9018584001,21578.9751371822,19147.830415752,24010.1198586124,15768.9107272587,14576.8294121943,16960.992042323,11134.509003787,9779.29693923316,12489.7210683408,17411.2167555453,14682.0191694938,20140.4143415967,194.411283715898,-57.9924801878126,446.815047619607,3714.54469433496,2577.7091624673,4851.38022620261,21594.9751371822,19161.8305937131,24028.1196806512,10232.3621609089,8866.99591842361,11597.7284033942,902.14684287812,397.42883677667,1406.86484897957,2570.10823865832,1745.1279910416,3395.08848627504,4346.2144910735,3279.70049334519,5412.72848880181,4456.79525465646,3369.78658176182,5543.80392755112
"PORTAGE PARK",64856.5196209817,58071.0828953649,71641.9563465984,64774.8910000127,57991.6546965953,71558.1273034301,45310.8322159784,40944.5442052889,49677.1202266679,37204.3131930974,32614.9225827719,41793.7038034229,44869.2170868099,38296.3491705614,51442.0850030584,947.102344091556,50.3739667955992,1843.83072138751,27108.3597951717,20719.149951654,33497.5696386895,64781.9497767155,58033.7539560579,71530.1455973731,33826.9673328994,29519.4564299653,38134.4782358334,3377.34586019802,1873.80834839548,4880.88337200056,7794.54844596083,5166.63772823832,10422.4591636834,13769.2994958204,10786.2421256856,16752.3568659552,11176.0374320336,8502.14374627051,13849.9311177967
"PULLMAN",6530.45169548307,5581.45483203698,7479.44855892917,6530.31712438347,5581.31234569471,7479.32190307224,4673.41291479474,4126.51525556276,5220.31057402671,3369.13779175665,2832.16781824714,3906.10776526616,840.493664128047,569.706553677187,1111.28077457891,5469.92179418048,4605.88533050461,6333.95825785635,544.608811182029,264.522111813343,824.695510550715,6498.31712438347,5554.31190079183,7442.32234797512,2734.84562357242,2271.79224438332,3197.89900276152,634.292168184233,371.021642204858,897.562694163608,586.557407244276,340.463749938251,832.651064550301,1234.78149939627,828.729480380405,1640.83351841213,1005.64600667889,698.43070178725,1312.86131157054
"RIVERDALE",7147.18147796182,6252.28674088922,8042.07621503443,7099.18147796182,6202.28691885036,7996.07603707328,3042.06876475517,2698.8932420182,3385.24428749214,2304.44312855693,1863.77201761285,2745.11423950101,249.179968705585,23.8981887321517,474.461748679017,6742.04611025245,5795.05609835301,7689.03612215188,303.264507017336,25.9886306798138,580.540383354859,7035.18147796182,6141.28665190864,7929.07630401501,1404.83634503228,1105.27393213724,1704.39875792732,899.60678352465,601.234886523435,1197.97868052587,769.753765311014,480.810713880301,1058.69681674173,916.956809045496,625.546267578402,1208.36735051259,160.738677290989,56.9594213364516,264.517933245527
"ROGERS PARK",54193.556809025,47618.9001372946,60768.2134807554,50788.7655116841,44478.4406760433,57099.090347325,36877.0080580177,32702.5737328725,41051.442383163,31374.4157937147,27276.1068457775,35472.724741652,32251.0265914585,26443.560310979,38058.492871938,13676.485898469,9646.37394383065,17706.5978531073,13110.88638195,8525.38710583267,17696.3856580674,51067.5979049154,44733.1736828193,57402.0221270115,28375.5592264303,24488.6021394245,32262.5163134361,2998.85656728445,1547.78827423346,4449.92486033543,5851.99919419823,3400.00466183306,8303.9937265634,6969.01289282836,4672.25353906608,9265.77224659064,15442.045930701,12677.8817564081,18206.210104994
"ROSELAND",42505,36947.4945540448,48062.5054459552,41827,36343.4879694821,47310.5120305179,28088,24833.2896317769,31342.7103682231,17741,14762.2650731377,20719.7349268623,721,35.0610406755565,1406.93895932444,41032,35528.4897490937,46535.5102509063,450,-106.950437818827,1006.95043781883,41844,36376.4865457929,47311.5134542071,13489,10970.2241420725,16007.7758579275,4252,2618.14539426219,5885.85460573781,4440,2878.13898766067,6001.86101233933,7684,5742.17280027978,9625.82719972022,5573,3975.14219096143,7170.85780903857
"SOUTH CHICAGO",27939.7656890443,23836.5971511924,32042.9342268962,27773.8093183041,23675.6403355494,31871.9783010589,17199.0078724497,14700.0190731697,19697.9966717296,12124.9031672907,9737.19526649819,14512.6110680831,5148.6558022425,3243.77832812607,7053.53327635894,21033.646900641,17159.9150003371,24907.3788009448,6051.29275004356,4107.46356275014,7995.12193733698,27813.5510157211,23738.9000182782,31888.202013164,9602.92395944008,7515.66926889276,11690.1786499874,2521.97920785058,1336.96663962281,3706.99177607834,3946.75149071166,2521.14364219856,5372.35933922476,4773.31044849185,3380.60015753184,6166.02073945185,2750.05935928341,1711.37232422223,3788.74639434459
"SOUTH DEERING",15257.5993091537,13285.7592361925,17229.439382115,15173.7338802533,13202.9016335542,17144.5661269525,9707.86658031088,8642.63696358902,10773.0961970327,6908.82743235463,5820.55769552963,7997.09716917963,3973.5725388601,2967.01041297821,4980.134664742,10116.0320955671,8534.20481163696,11697.8593794972,4579.8654289004,3610.11796015578,5549.61289764503,15213.7338802533,13245.9013666124,17181.5663938942,5206.38183649971,4264.12544468159,6148.63822831783,1702.44559585492,1156.39401545161,2248.49717625823,2062.62780656304,1523.71275286413,2601.54286026195,3206.77259643063,2455.00054903419,3958.54464382706,1047.63039723661,670.954216449717,1424.30657802351
"SOUTH LAWNDALE",73572.3682266435,64895.6994573899,82249.0369958971,66012.2090269915,57834.6598261797,74189.7582278032,42181.4224960877,37146.3537189958,47216.4912731797,28977.0466954101,24414.3186794893,33539.7747113309,45896.132854643,37369.3748088009,54422.8909004852,8026.58471758029,5886.85358979756,10166.315845363,62945.5267057395,54659.9528567656,71231.1005547134,65972.2090269915,57799.6593812768,74144.7586727061,25223.9689827951,21120.2431600154,29327.6948055749,3753.07771261497,1996.3617657617,5509.79365946825,21435.2667026264,17386.8489830494,25483.6844222035,11708.6972842972,8780.05297575086,14637.3415928435,2458.33839635124,1140.26291389641,3776.41387880606
"SOUTH SHORE",49688.0560754618,42307.2153589956,57068.8967919281,48663.763503585,41311.6304879921,56015.896519178,32209.902000181,28113.1959531946,36306.6080471674,22561.2686610151,18345.1144557166,26777.4228663136,1398.96459528766,452.71737855511,2345.21181202021,46665.3155253869,39293.1386434841,54037.4924072898,805.090331352259,-42.6090809521433,1652.78974365666,48690.3350026649,41336.4918837231,56044.1781216067,17726.2212765358,14118.5744439952,21333.8681090765,4835.04738447924,2730.37126356142,6939.72350539706,4331.73455415774,2529.08254760849,6134.386560707,8285.43968745286,5800.54575846066,10770.3336164451,6787.03751088585,4531.32719398696,9042.74782778474
"UPTOWN",54440.1732101617,49362.2232417113,59518.1231786121,51797.5912240185,47075.0184070718,56520.1640409652,44251.3856812933,40103.0804678344,48399.6908947522,34766.7967667436,31006.5955846205,38526.9979488668,34096.415704388,29709.3095705629,38483.5218382131,11593.1016166282,8282.32926268093,14903.8739705754,6327.60277136259,3468.78788893139,9186.41765379379,53097.9191685912,48071.4634630095,58124.374874173,31360.0554272517,27728.5263975587,34991.5844569447,3406.74133949192,1704.47480777161,5109.00787121222,4753.6143187067,2773.18547325742,6734.04316415597,6799.57967667437,4467.18215238806,9131.97720096067,24266.9099307159,21065.8437495164,27467.9761119155
"WASHINGTON HEIGHTS",27116,24257.2543954685,29974.7456045315,26894,24035.2543954685,29752.7456045315,18965,17025.1726223186,20904.8273776814,13021,11046.1757366388,14995.8242633612,462,45.0371049004476,878.962895099553,26040,23186.2539505657,28893.7460494343,287,-44.9704584485645,618.970458448564,26820,23962.254306488,29677.745693512,10534,8883.14690693199,12184.853093068,2487,1509.08702300393,3464.91297699607,2036,1221.07251916994,2850.92748083006,5571,4213.12083562304,6928.87916437696,3973,2828.10188276022,5117.89811723978
"WASHINGTON PARK",12081,10305.1580295041,13856.8419704959,12022,10247.1579405235,13796.8420594765,6312,5381.08284091682,7242.91715908318,4868,3982.07883679088,5753.92116320912,107,-33.9874537386977,247.987453738698,11661,9902.15651683426,13419.8434831657,158,-50.981403059488,366.981403059488,11954,10209.1552711062,13698.8447288938,3349,2633.06371009286,4064.93628990714,1519,876.057214510762,2161.94278548924,1219,760.040842084666,1677.95915791534,1781,1209.05089688982,2352.94910311018,1067,613.040397181782,1520.95960281822
"WEST ELSDON",19310.2696476668,17535.6067451949,21084.9325501386,19296.3205490454,17520.6577355541,21071.9833625366,11142.6925117953,10191.630109208,12093.7549143827,9251.03012145706,7999.47719084567,10502.5830520684,10818.9576334112,8811.00347935476,12826.9117874676,283.781778265707,-23.9484776381616,591.512034169576,15455.4863162775,13665.9329386848,17245.0396938701,19220.4630729054,17451.8098159199,20989.1163298908,7915.69246858212,6744.71546367198,9086.66947349225,1335.33765287494,841.196700501432,1829.47860524845,3276.84543086938,2463.50821750314,4090.18264423562,4274.87560569002,3411.12171016598,5138.62950121406,993.96310914396,568.223292638003,1419.70292564992
"WEST ENGLEWOOD",32060.4710154821,26436.417015143,37684.5250158213,31818.8731591106,26249.9159017669,37387.8304164543,20057.9729908471,16905.5286216565,23210.4173600378,13041.6952956784,10224.4217280631,15858.9688632937,556.470607120888,-68.1952764756688,1181.13649071744,29911.8048203024,24470.4297020397,35353.1799385651,1559.81328806727,-159.32322875078,3278.94980488533,31796.0375762676,26232.3683265501,37359.706825985,8563.76763452298,6362.83822405529,10764.6970449907,4477.92766115544,2758.94433156606,6196.9109907448,4771.40556523724,3235.18976238218,6307.62136809231,8051.5733405924,5958.12252204702,10145.0241591378,1561.05731049007,703.344014252391,2418.77060672775
"WEST GARFIELD PARK",17780.9220028888,14729.8396383337,20832.0043674438,17627.9220028888,14587.8386595474,20668.0053462302,10068.7217140106,8258.99927268994,11878.4441553312,5656.15262397689,4390.99895869916,6921.30628925462,416.015888300433,-0.269166300636591,832.300942901502,17024.5122773231,13969.6088758103,20079.4156788358,355.883485796822,-97.3169164062626,809.083887999907,17623.0592200289,14623.3040164015,20622.8144236562,4668.06981222918,3574.41123732994,5761.72838712841,988.082811747713,425.683171796555,1550.48245169887,2778.93596533462,1865.38895044587,3692.48298022337,4033.36976408281,2880.12477286385,5186.61475530177,401.786230139624,136.431894657691,667.140565621558
"WEST LAWN",32862.8513946778,29660.3362854924,36065.3665038631,32848.8513946778,29643.3365524342,36054.3662369214,19828.1441167041,17744.2393069702,21912.0489264379,16142.2534466175,14161.4880639835,18123.0188292515,16380.400288554,13087.9908063783,19672.8097707297,1118.66335363899,402.213162685309,1835.11354459267,26451.3369669766,23151.5259312065,29751.1480027467,32852.7645078551,29653.4302634132,36052.098752297,14127.4858929144,12265.1085002796,15989.8632855491,2014.76755370311,1186.68927135725,2842.84583604897,6455.17281179865,4814.47848127744,8095.86714231987,6765.77733247836,5227.03769960131,8304.5169653554,2192.52500801539,1382.47766360507,3002.57235242571
"WEST PULLMAN",30510.8401362613,26444.4415991148,34577.2386734078,30434.8401362613,26373.4411542119,34496.2391183107,19273.4512945035,16951.9021110196,21595.0004779873,13264.3131442725,11040.0892797333,15488.5370088117,1383.55095426436,686.267681102408,2080.83422742631,28553.7669685283,24601.6912496297,32505.8426874268,1364.80532635472,811.182453762003,1918.42819894743,30343.5708629304,26272.599143663,34414.5425821979,10098.1770078564,8175.2636445654,12021.0903711473,3166.13613641615,2034.94574921426,4297.32652361805,3196.01183830419,2195.23863479663,4196.78504181174,6118.8992252589,4610.50725518696,7627.29119533085,2829.75978609635,1874.74351886315,3784.77605332955
"WEST RIDGE",72211,64553.6814132557,79868.3185867443,70585,63099.6661085965,78070.3338914035,48333,43281.449529873,53384.550470127,35699,30866.4300431268,40531.5699568732,41599,34296.649825151,48901.350174849,8377,4411.35289696685,12342.6471030332,12672,7103.49553283116,18240.5044671688,71100,63433.6822140809,78766.3177859191,32654,28078.4071751186,37229.5928248814,3045,1349.15091105794,4740.84908894206,8318,5064.2895427963,11571.7104572037,10665,7392.29123342726,13937.7087665727,19004,15391.3214868233,22616.6785131767
"WEST TOWN",86648.4520126362,77589.1473920018,95707.7566332706,85967.599479561,76977.2616161608,94957.9373429612,65204.5697276312,58517.1102567856,71892.0291984768,59305.9303342471,52879.5612535399,65732.2994149543,65307.6398371149,56250.7845991587,74364.4950750711,7033.97559622134,3206.3191656715,10861.6320267712,23338.516648548,15155.3952957597,31521.6380013363,86101.3767083766,77137.0552681919,95065.6981485612,55665.1127602991,49503.0895679614,61827.1359526368,3640.81757394798,1583.83746097285,5697.79768692312,7308.9911533209,3938.06550863091,10679.9167980109,7390.15009888644,4228.85368770804,10551.4465100648,40711.9861815512,35260.8988229401,46163.0735401624
"WOODLAWN",25374.8556452689,21637.8368743769,29111.8744161609,23972.2817870012,20318.7992043968,27625.7643696057,14618.5399773122,12603.3634260201,16633.7165286042,10060.846678233,8097.79581532626,12023.8975411398,2065.02934205258,1222.84300842018,2907.21567568498,21795.2784705725,18064.2688032685,25526.2881378765,655.02210329641,42.0496362467333,1267.99457034609,24045.8556452689,20396.8290440861,27694.8822464517,7843.68775924196,6174.81588261049,9512.55963587343,2217.15891899106,1215.62046264787,3218.69737533424,2389.37080608568,1402.32548815285,3376.41612401851,3216.78759241959,2032.88931035275,4400.68587448644,3662.84234085146,2625.39584275619,4700.28883894673
