"tractID","CCA","blocks","pop","HH","pctPop","pctHH"
"17031010100","ROGERS PARK",29,2356,1299,0.949234488315874,0.965799256505576
"17031010100",NA,4,126,46,0.0507655116841257,0.0342007434944238
"17031010201","ROGERS PARK",67,3251,1443,1,1
"17031010202","ROGERS PARK",25,1437,640,1,1
"17031010300","ROGERS PARK",49,2531,1232,1,1
"17031010400","ROGERS PARK",30,2045,840,1,1
"17031010501","ROGERS PARK",24,1180,506,1,1
"17031010502","ROGERS PARK",24,1908,880,1,1
"17031010503","ROGERS PARK",30,1892,812,1,1
"17031010600","ROGERS PARK",60,3106,1283,1,1
"17031010701","ROGERS PARK",37,1492,642,1,1
"17031010702","ROGERS PARK",39,1462,618,1,1
"17031020100","WEST RIDGE",35,1832,768,1,1
"17031020200","WEST RIDGE",124,5729,2551,1,1
"17031020301","WEST RIDGE",49,2621,1297,1,1
"17031020302","WEST RIDGE",65,5689,2274,1,1
"17031020400","WEST RIDGE",54,2942,1296,1,1
"17031020500","WEST RIDGE",49,2447,1014,1,1
"17031020601","WEST RIDGE",71,3705,1950,1,1
"17031020602","WEST RIDGE",56,3285,1356,1,1
"17031020701","WEST RIDGE",54,2798,1152,1,1
"17031020702","WEST RIDGE",77,4267,1604,1,1
"17031020801","WEST RIDGE",80,4552,2180,1,1
"17031020802","WEST RIDGE",78,3792,1636,1,1
"17031020901","WEST RIDGE",44,2101,836,1,1
"17031020902","WEST RIDGE",41,2210,968,1,1
"17031030101","EDGEWATER",9,440,159,1,1
"17031030102","EDGEWATER",10,1431,709,1,1
"17031030103","EDGEWATER",10,332,131,1,1
"17031030104","EDGEWATER",11,740,341,1,1
"17031030200","EDGEWATER",73,3670,1532,1,1
"17031030300","EDGEWATER",40,2208,996,1,1
"17031030400","EDGEWATER",42,2984,1562,1,1
"17031030500","EDGEWATER",70,3823,1693,1,1
"17031030601","EDGEWATER",12,841,576,1,1
"17031030603","EDGEWATER",10,272,103,1,1
"17031030604","EDGEWATER",9,463,154,1,1
"17031030701","EDGEWATER",6,423,205,1,1
"17031030702","EDGEWATER",3,133,44,1,1
"17031030703","EDGEWATER",17,878,340,1,1
"17031030706","EDGEWATER",16,1050,501,1,1
"17031030800","EDGEWATER",62,2809,1170,1,1
"17031030900","EDGEWATER",68,2842,1361,1,1
"17031031000","UPTOWN",44,2464,1344,1,1
"17031031100","UPTOWN",26,1334,512,1,1
"17031031200","UPTOWN",28,1491,624,1,1
"17031031300","UPTOWN",28,2248,1048,1,1
"17031031400","UPTOWN",32,2244,1015,0.863741339491917,0.846538782318599
"17031031400",NA,3,354,184,0.136258660508083,0.153461217681401
"17031031501","UPTOWN",18,718,373,1,1
"17031031502","UPTOWN",18,1206,583,1,1
"17031031700","UPTOWN",38,1948,809,1,1
"17031031800","UPTOWN",17,989,499,1,1
"17031031900","UPTOWN",21,990,412,1,1
"17031032100","UPTOWN",25,1155,422,1,1
"17031040100","LINCOLN SQUARE",78,4737,2446,1,1
"17031040201","LINCOLN SQUARE",84,4009,1598,1,1
"17031040202","LINCOLN SQUARE",77,4419,2037,1,1
"17031040300","LINCOLN SQUARE",52,2546,1057,1,1
"17031040401","LINCOLN SQUARE",56,2997,1414,1,1
"17031040402","LINCOLN SQUARE",45,1624,707,1,1
"17031040600","LINCOLN SQUARE",52,2344,981,1,1
"17031040700","LINCOLN SQUARE",43,2642,1158,1,1
"17031040800","LINCOLN SQUARE",26,1226,509,1,1
"17031040900","LINCOLN SQUARE",32,1822,804,1,1
"17031050100","NORTH CENTER",40,1120,454,1,1
"17031050200","NORTH CENTER",88,3996,1681,1,1
"17031050300","NORTH CENTER",38,5198,2856,1,1
"17031050500","NORTH CENTER",83,5956,2993,1,1
"17031050600","NORTH CENTER",51,2327,995,1,1
"17031050700","NORTH CENTER",21,1033,402,1,1
"17031050800","NORTH CENTER",25,1379,702,1,1
"17031050900","NORTH CENTER",25,1526,576,1,1
"17031051000","NORTH CENTER",30,2338,920,1,1
"17031051100","NORTH CENTER",26,2159,961,1,1
"17031051200","NORTH CENTER",25,2052,962,1,1
"17031051300","NORTH CENTER",40,2061,882,1,1
"17031051400","NORTH CENTER",34,1498,674,1,1
"17031060100","LAKE VIEW",33,1629,720,1,1
"17031060200","LAKE VIEW",24,1537,614,1,1
"17031060300","LAKE VIEW",51,4016,2370,1,1
"17031060400","LAKE VIEW",46,2841,1463,1,1
"17031060500","LAKE VIEW",11,566,297,1,1
"17031060800","LAKE VIEW",12,551,203,1,1
"17031060900","LAKE VIEW",22,898,333,0.888229475766568,0.917355371900826
"17031060900",NA,4,113,30,0.111770524233432,0.0826446280991736
"17031061000","LAKE VIEW",15,858,372,1,1
"17031061100","LAKE VIEW",19,1201,460,1,1
"17031061200","LAKE VIEW",21,848,398,1,1
"17031061500","LAKE VIEW",20,795,324,1,1
"17031061800","LAKE VIEW",3,202,74,1,1
"17031061901","LAKE VIEW",17,783,341,1,1
"17031061902","LAKE VIEW",23,1409,634,0.960463531015678,0.96206373292868
"17031061902",NA,4,58,25,0.0395364689843217,0.0379362670713202
"17031062000","LAKE VIEW",14,483,220,1,1
"17031062100","LAKE VIEW",29,1567,592,1,1
"17031062200","LAKE VIEW",36,1659,747,1,1
"17031062300","LAKE VIEW",27,1818,813,1,1
"17031062400","LAKE VIEW",21,1081,414,1,1
"17031062500","LAKE VIEW",19,1930,1059,1,1
"17031062600","LAKE VIEW",29,1947,823,1,1
"17031062700","LAKE VIEW",44,2957,1353,1,1
"17031062800","LAKE VIEW",44,2872,1152,1,1
"17031062900","LAKE VIEW",51,2891,1317,1,1
"17031063000","LAKE VIEW",36,1927,915,1,1
"17031063100","LAKE VIEW",12,623,251,1,1
"17031063200","LAKE VIEW",30,1453,535,0.95029431000654,0.933682373472949
"17031063200",NA,2,76,38,0.0497056899934598,0.0663176265270506
"17031063301","LAKE VIEW",9,556,255,1,1
"17031063302","LAKE VIEW",12,612,321,1,1
"17031063303","LAKE VIEW",9,516,208,1,1
"17031063400","LAKE VIEW",12,727,347,1,1
"17031070101","LINCOLN PARK",20,1210,548,1,1
"17031070102","LINCOLN PARK",10,342,129,1,1
"17031070103","LINCOLN PARK",5,316,132,1,1
"17031070200","LINCOLN PARK",27,1312,568,1,1
"17031070300","LINCOLN PARK",46,2568,1103,1,1
"17031070400","LINCOLN PARK",50,2498,1079,1,1
"17031070500","LINCOLN PARK",34,1891,803,1,1
"17031070600","LINCOLN PARK",40,2026,841,1,1
"17031070700","LINCOLN PARK",35,1768,803,1,1
"17031071000","LINCOLN PARK",42,3986,2329,1,1
"17031071100","LINCOLN PARK",47,1867,752,1,1
"17031071200","LINCOLN PARK",29,1844,871,1,1
"17031071300","LINCOLN PARK",31,2196,1026,1,1
"17031071400","LINCOLN PARK",26,1111,556,1,1
"17031071500","LINCOLN PARK",64,3467,1344,1,1
"17031071600","LINCOLN PARK",17,889,349,1,1
"17031071700","LINCOLN PARK",19,944,372,1,1
"17031071800","LINCOLN PARK",17,863,385,1,1
"17031080100","NEAR NORTH SIDE",46,2890,1615,1,1
"17031080201","NEAR NORTH SIDE",17,730,262,1,1
"17031080202","NEAR NORTH SIDE",13,828,371,1,1
"17031080300","NEAR NORTH SIDE",33,1890,742,1,1
"17031080400","NEAR NORTH SIDE",29,2027,997,1,1
"17031081000","NEAR NORTH SIDE",36,1699,784,1,1
"17031081100","NEAR NORTH SIDE",13,911,454,1,1
"17031081201","NEAR NORTH SIDE",24,1481,807,1,1
"17031081202","NEAR NORTH SIDE",17,624,230,1,1
"17031081300","NEAR NORTH SIDE",25,1120,453,1,1
"17031081401","NEAR NORTH SIDE",26,1435,559,1,1
"17031081402","NEAR NORTH SIDE",20,1345,637,1,1
"17031081403","LOOP",8,330,102,0.144230769230769,0.110990206746464
"17031081403","NEAR NORTH SIDE",41,1958,817,0.855769230769231,0.889009793253536
"17031081500","NEAR NORTH SIDE",37,2014,910,1,1
"17031081600","NEAR NORTH SIDE",16,1216,505,1,1
"17031081700","NEAR NORTH SIDE",67,3310,1545,1,1
"17031081800","NEAR NORTH SIDE",106,4566,1954,1,1
"17031081900","NEAR NORTH SIDE",12,658,327,1,1
"17031090100","EDISON PARK",114,7170,3560,1,1
"17031090200","EDISON PARK",148,8313,3580,1,1
"17031090300","EDISON PARK",40,2657,1294,1,1
"17031100100","NORWOOD PARK",159,9431,3773,1,1
"17031100200","NORWOOD PARK",156,9716,4278,1,1
"17031100300","NORWOOD PARK",136,9828,4591,1,1
"17031100400","NORWOOD PARK",49,2375,892,1,1
"17031100500","NORWOOD PARK",158,9069,3956,1,1
"17031100600","NORWOOD PARK",188,13374,6605,1,1
"17031100700","NORWOOD PARK",100,5393,2417,1,1
"17031110100","JEFFERSON PARK",123,7194,3297,1,1
"17031110200","JEFFERSON PARK",52,3704,1408,1,1
"17031110300","JEFFERSON PARK",144,10046,4664,1,1
"17031110400","JEFFERSON PARK",99,5764,2706,1,1
"17031110501","JEFFERSON PARK",97,6862,2709,1,1
"17031110502","JEFFERSON PARK",62,4893,2526,1,1
"17031120100","FOREST GLEN",104,7110,3689,1,1
"17031120200","FOREST GLEN",127,8108,3754,1,1
"17031120300","FOREST GLEN",169,7793,3128,1,1
"17031120400","FOREST GLEN",82,4839,2133,1,1
"17031130100","NORTH PARK",108,6727,2992,1,1
"17031130200","NORTH PARK",42,2337,959,1,1
"17031130300","NORTH PARK",77,5186,2424,1,1
"17031140100","ALBANY PARK",24,1238,564,1,1
"17031140200","ALBANY PARK",48,2654,1153,1,1
"17031140301","ALBANY PARK",24,1132,439,1,1
"17031140302","ALBANY PARK",44,1852,726,1,1
"17031140400","ALBANY PARK",123,7098,3097,1,1
"17031140500","ALBANY PARK",64,2859,1137,1,1
"17031140601","ALBANY PARK",30,3793,2502,1,1
"17031140602","ALBANY PARK",41,2119,885,1,1
"17031140701","ALBANY PARK",27,1436,561,1,1
"17031140702","ALBANY PARK",51,2723,1210,1,1
"17031140800","ALBANY PARK",100,4753,2126,1,1
"17031150200","PORTAGE PARK",155,10549,4620,1,1
"17031150300","PORTAGE PARK",124,6259,2932,1,1
"17031150401","PORTAGE PARK",83,5769,2796,1,1
"17031150402","PORTAGE PARK",76,5881,2987,1,1
"17031150501","PORTAGE PARK",41,2419,1187,0.988961569910057,0.991645781119465
"17031150501",NA,2,27,10,0.0110384300899428,0.00835421888053467
"17031150502","PORTAGE PARK",46,2431,1039,1,1
"17031150600","PORTAGE PARK",73,4535,2058,1,1
"17031150700","PORTAGE PARK",69,3492,1471,1,1
"17031150800","PORTAGE PARK",73,6676,3217,1,1
"17031151001","PORTAGE PARK",18,897,345,1,1
"17031151002","PORTAGE PARK",55,3182,1495,1,1
"17031151100","PORTAGE PARK",67,4467,1902,1,1
"17031151200","PORTAGE PARK",63,2700,884,1,1
"17031160100","IRVING PARK",46,2210,1034,1,1
"17031160200","IRVING PARK",64,4169,1911,0.983718735252478,0.985051546391753
"17031160200","PORTAGE PARK",2,69,29,0.0162812647475224,0.0149484536082474
"17031160300","IRVING PARK",37,2824,1327,1,1
"17031160400","IRVING PARK",90,4828,2049,1,1
"17031160501","IRVING PARK",39,2213,1122,1,1
"17031160502","IRVING PARK",41,1808,871,1,1
"17031160601","IRVING PARK",38,1633,692,1,1
"17031160602","IRVING PARK",42,1992,887,1,1
"17031160700","IRVING PARK",79,4113,1660,1,1
"17031160800","IRVING PARK",75,3963,1654,1,1
"17031160900","IRVING PARK",68,3848,1663,1,1
"17031161000","IRVING PARK",40,2842,1276,1,1
"17031161100","IRVING PARK",37,2916,1284,1,1
"17031161200","IRVING PARK",45,2600,1232,1,1
"17031161300","IRVING PARK",78,4206,1637,1,1
"17031170100","DUNNING",10,567,276,1,1
"17031170200","DUNNING",63,3677,1659,1,1
"17031170300","DUNNING",90,5195,1908,1,1
"17031170400","DUNNING",93,6166,3096,1,1
"17031170500","DUNNING",113,6314,2683,1,1
"17031170600","DUNNING",74,3721,1618,1,1
"17031170700","DUNNING",66,4992,2471,1,1
"17031170800","DUNNING",67,3303,1434,1,1
"17031170900","DUNNING",30,1001,359,1,1
"17031171000","DUNNING",149,7266,3101,1,1
"17031171100","DUNNING",68,2931,1181,1,1
"17031180100","MONTCLARE",117,7174,3198,1,1
"17031190100","BELMONT CRAGIN",26,1400,536,1,1
"17031190200","BELMONT CRAGIN",69,3525,1734,1,1
"17031190300","BELMONT CRAGIN",84,4799,2065,1,1
"17031190401","BELMONT CRAGIN",71,4328,1898,1,1
"17031190402","BELMONT CRAGIN",79,4875,2074,1,1
"17031190601","BELMONT CRAGIN",54,3679,1630,1,1
"17031190602","BELMONT CRAGIN",77,7070,3011,1,1
"17031190701","BELMONT CRAGIN",30,1815,745,1,1
"17031190702","BELMONT CRAGIN",48,2939,1117,1,1
"17031190800","BELMONT CRAGIN",80,4514,2221,1,1
"17031190900","BELMONT CRAGIN",35,1562,733,1,1
"17031191000","BELMONT CRAGIN",49,2276,903,1,1
"17031191100","BELMONT CRAGIN",86,5653,2430,1,1
"17031191200","BELMONT CRAGIN",40,1510,570,1,1
"17031191301","BELMONT CRAGIN",76,5617,2509,1,1
"17031191302","BELMONT CRAGIN",71,4447,1633,1,1
"17031200100","HERMOSA",72,4016,1754,1,1
"17031200200","HERMOSA",68,4539,2212,1,1
"17031200300","HERMOSA",30,1709,755,1,1
"17031200401","HERMOSA",40,2490,1248,1,1
"17031200402","HERMOSA",44,2608,1148,1,1
"17031210100","AVONDALE",75,4833,2100,1,1
"17031210400","AVONDALE",32,1465,506,1,1
"17031210501","AVONDALE",44,2712,971,1,1
"17031210502","AVONDALE",41,2737,1252,1,1
"17031210601","AVONDALE",34,1983,892,1,1
"17031210602","AVONDALE",49,2188,894,1,1
"17031210700","AVONDALE",66,4583,2222,1,1
"17031210800","AVONDALE",27,1534,545,1,1
"17031210900","AVONDALE",68,4340,1985,1,1
"17031220300","LOGAN SQUARE",53,2434,1028,1,1
"17031220400","LOGAN SQUARE",50,2873,1186,1,1
"17031220500","LOGAN SQUARE",55,3106,1423,1,1
"17031220601","LOGAN SQUARE",27,1438,703,1,1
"17031220602","LOGAN SQUARE",66,3049,1541,1,1
"17031220701","LOGAN SQUARE",37,1998,835,1,1
"17031220702","LOGAN SQUARE",60,2111,849,1,1
"17031220901","LOGAN SQUARE",31,1827,831,1,1
"17031220902","LOGAN SQUARE",45,2260,888,1,1
"17031221000","LOGAN SQUARE",32,1546,623,1,1
"17031221100","LOGAN SQUARE",78,4844,2365,1,1
"17031221200","LOGAN SQUARE",39,1623,631,1,1
"17031221300","LOGAN SQUARE",47,2760,1237,1,1
"17031221400","LOGAN SQUARE",38,1906,726,1,1
"17031221500","LOGAN SQUARE",63,3773,1521,1,1
"17031221600","LOGAN SQUARE",74,4686,1866,1,1
"17031222200","LOGAN SQUARE",43,2244,1030,1,1
"17031222500","LOGAN SQUARE",17,870,351,1,1
"17031222600","LOGAN SQUARE",30,1484,739,1,1
"17031222700","LOGAN SQUARE",32,1759,667,1,1
"17031222800","LOGAN SQUARE",15,561,242,1,1
"17031222900","LOGAN SQUARE",26,1234,503,1,1
"17031230100","HUMBOLDT PARK",26,1147,441,0.898198903680501,0.878486055776892
"17031230100","LOGAN SQUARE",2,130,61,0.101801096319499,0.121513944223108
"17031230200","HUMBOLDT PARK",26,1646,955,1,1
"17031230300","HUMBOLDT PARK",12,2017,1177,1,1
"17031230400","HERMOSA",1,32,11,0.0194174757281553,0.0181818181818182
"17031230400","HUMBOLDT PARK",33,1616,594,0.980582524271845,0.981818181818182
"17031230500","HUMBOLDT PARK",48,2357,1069,1,1
"17031230600","AUSTIN",2,40,18,0.00625880143952433,0.00606673407482305
"17031230600","HUMBOLDT PARK",98,6351,2949,0.993741198560476,0.993933265925177
"17031230700","HUMBOLDT PARK",90,4731,2115,1,1
"17031230800","HUMBOLDT PARK",16,817,357,1,1
"17031230900","HUMBOLDT PARK",59,3553,1669,1,1
"17031231100","HUMBOLDT PARK",19,1092,460,1,1
"17031231200","HUMBOLDT PARK",81,4333,1661,1,1
"17031231500","HUMBOLDT PARK",137,6447,2779,1,1
"17031240200","WEST TOWN",30,1531,651,1,1
"17031240300","WEST TOWN",37,1441,600,1,1
"17031240500","WEST TOWN",28,1880,879,1,1
"17031240600","WEST TOWN",22,1108,443,1,1
"17031240700","WEST TOWN",23,1260,479,1,1
"17031240800","WEST TOWN",21,1525,618,1,1
"17031240900","WEST TOWN",38,2632,1109,1,1
"17031241000","WEST TOWN",26,1963,1173,1,1
"17031241100","WEST TOWN",44,2574,1381,1,1
"17031241200","WEST TOWN",31,2051,1150,1,1
"17031241300","WEST TOWN",26,1033,356,1,1
"17031241400","WEST TOWN",70,3553,1670,1,1
"17031241500","WEST TOWN",53,3402,1631,1,1
"17031241600","WEST TOWN",30,1247,614,1,1
"17031242000","WEST TOWN",40,2968,1666,1,1
"17031242100","WEST TOWN",58,3064,1372,1,1
"17031242200","WEST TOWN",53,2669,1109,1,1
"17031242300","WEST TOWN",61,2898,1302,1,1
"17031242400","WEST TOWN",47,2833,1184,1,1
"17031242500","WEST TOWN",38,2002,991,1,1
"17031242600","WEST TOWN",55,2529,1079,1,1
"17031242700","WEST TOWN",22,1449,592,1,1
"17031242800","WEST TOWN",47,3162,1667,1,1
"17031242900","WEST TOWN",46,2394,1013,1,1
"17031243000","WEST TOWN",31,1630,716,1,1
"17031243100","WEST TOWN",33,2312,1325,1,1
"17031243200","WEST TOWN",41,2405,1019,1,1
"17031243300","WEST TOWN",42,2433,1201,1,1
"17031243400","WEST TOWN",63,3373,1454,1,1
"17031243500","WEST TOWN",93,5978,3072,1,1
"17031250200","AUSTIN",42,2417,968,1,1
"17031250300","AUSTIN",72,4045,1894,1,1
"17031250400","AUSTIN",95,4702,2070,1,1
"17031250500","AUSTIN",177,8843,3774,1,1
"17031250600","AUSTIN",76,4822,2409,1,1
"17031250700","AUSTIN",83,4809,2039,1,1
"17031250800","AUSTIN",39,2436,990,1,1
"17031251000","AUSTIN",36,2724,1539,1,1
"17031251100","AUSTIN",54,3907,1989,1,1
"17031251200","AUSTIN",76,3505,1564,1,1
"17031251300","AUSTIN",70,4139,1763,1,1
"17031251400","AUSTIN",72,2612,1139,1,1
"17031251500","AUSTIN",70,3498,1513,1,1
"17031251600","AUSTIN",48,4449,2142,1,1
"17031251700","AUSTIN",52,2622,1229,1,1
"17031251800","AUSTIN",86,4674,2259,1,1
"17031251900","AUSTIN",74,3846,1537,1,1
"17031252000","AUSTIN",68,3808,1646,1,1
"17031252101","AUSTIN",30,1095,541,1,1
"17031252102","AUSTIN",56,3497,1474,1,1
"17031252201","AUSTIN",28,958,719,1,1
"17031252202","AUSTIN",62,3175,1611,1,1
"17031260100","WEST GARFIELD PARK",22,1030,450,1,1
"17031260200","WEST GARFIELD PARK",29,1272,589,1,1
"17031260300","WEST GARFIELD PARK",31,1804,826,1,1
"17031260400","WEST GARFIELD PARK",41,1076,399,1,1
"17031260500","WEST GARFIELD PARK",46,2663,1074,1,1
"17031260600","WEST GARFIELD PARK",35,2063,824,1,1
"17031260700","WEST GARFIELD PARK",37,2185,1064,1,1
"17031260800","WEST GARFIELD PARK",41,1898,832,1,1
"17031260900","WEST GARFIELD PARK",25,1083,534,1,1
"17031261000","WEST GARFIELD PARK",73,5042,2189,1,1
"17031270500","EAST GARFIELD PARK",47,2024,774,0.974482426576793,0.979746835443038
"17031270500","WEST GARFIELD PARK",2,53,16,0.0255175734232065,0.020253164556962
"17031271200","EAST GARFIELD PARK",46,2285,1019,1,1
"17031271300","EAST GARFIELD PARK",34,1762,820,1,1
"17031271400","EAST GARFIELD PARK",34,1620,695,1,1
"17031271500","EAST GARFIELD PARK",17,1125,478,1,1
"17031271800","EAST GARFIELD PARK",24,1176,610,1,1
"17031280100","NEAR WEST SIDE",71,3921,1716,1,1
"17031280400","NEAR WEST SIDE",44,2184,929,1,1
"17031280800","NEAR WEST SIDE",22,1311,496,1,1
"17031280900","NEAR WEST SIDE",8,284,124,1,1
"17031281900","NEAR WEST SIDE",50,4315,2691,1,1
"17031282700","NEAR WEST SIDE",50,2011,853,1,1
"17031282800","NEAR WEST SIDE",21,1121,459,1,1
"17031283100","NEAR WEST SIDE",17,1039,381,1,1
"17031283200","NEAR WEST SIDE",20,1009,390,1,1
"17031283800","NEAR WEST SIDE",17,406,201,1,1
"17031290900","NORTH LAWNDALE",94,4455,1840,1,1
"17031291200","NORTH LAWNDALE",34,2423,1222,1,1
"17031291600","NORTH LAWNDALE",20,979,339,1,1
"17031292200","NORTH LAWNDALE",48,2474,909,1,1
"17031292400","NORTH LAWNDALE",50,2714,1419,1,1
"17031292500","NORTH LAWNDALE",79,4180,1911,1,1
"17031300500","SOUTH LAWNDALE",33,1340,582,1,1
"17031300600","SOUTH LAWNDALE",37,1322,457,1,1
"17031300700","SOUTH LAWNDALE",40,2269,1165,1,1
"17031300800","SOUTH LAWNDALE",41,1938,826,1,1
"17031300900","SOUTH LAWNDALE",39,2035,771,1,1
"17031301100","SOUTH LAWNDALE",25,1352,618,1,1
"17031301200","SOUTH LAWNDALE",42,2951,1268,1,1
"17031301600","SOUTH LAWNDALE",34,2201,815,1,1
"17031301701","SOUTH LAWNDALE",35,1386,532,1,1
"17031301702","SOUTH LAWNDALE",29,1529,531,1,1
"17031301801","SOUTH LAWNDALE",51,2700,1131,1,1
"17031301802","SOUTH LAWNDALE",55,2490,1105,1,1
"17031301803","SOUTH LAWNDALE",39,3053,1268,1,1
"17031310200","LOWER WEST SIDE",58,4369,2446,1,1
"17031310300","LOWER WEST SIDE",47,2436,1106,1,1
"17031310400","LOWER WEST SIDE",22,1115,603,1,1
"17031310500","LOWER WEST SIDE",33,1424,518,1,1
"17031310600","LOWER WEST SIDE",67,2808,1104,1,1
"17031310700","LOWER WEST SIDE",23,1055,394,1,1
"17031310800","LOWER WEST SIDE",38,2773,1162,1,1
"17031310900","LOWER WEST SIDE",42,3067,1301,1,1
"17031320100","LOOP",103,6759,3043,1,1
"17031320400","LOOP",44,1954,775,0.996938775510204,0.997425997425997
"17031320400",NA,1,6,2,0.00306122448979592,0.00257400257400257
"17031320600","LOOP",31,1638,789,1,1
"17031330100","NEAR SOUTH SIDE",134,8000,3466,0.961654044957327,0.957723127935894
"17031330100",NA,5,319,153,0.0383459550426734,0.0422768720641061
"17031330200","LOOP",1,49,17,0.0266739248775177,0.0218508997429306
"17031330200","NEAR SOUTH SIDE",43,1788,761,0.973326075122482,0.978149100257069
"17031340300","ARMOUR SQUARE",41,2628,932,1,1
"17031340400","ARMOUR SQUARE",36,1675,681,1,1
"17031340500","ARMOUR SQUARE",43,1823,768,1,1
"17031340600","ARMOUR SQUARE",31,1386,587,0.992125984251969,0.993231810490694
"17031340600","BRIDGEPORT",1,11,4,0.0078740157480315,0.00676818950930626
"17031350100","DOUGLAS",24,1187,516,0.873436350257542,0.897391304347826
"17031350100",NA,2,172,59,0.126563649742458,0.102608695652174
"17031350400","DOUGLAS",11,805,479,1,1
"17031351000","DOUGLAS",28,1327,553,0.975735294117647,0.977031802120141
"17031351000",NA,2,33,13,0.0242647058823529,0.0229681978798587
"17031351100","DOUGLAS",17,610,270,1,1
"17031351400","DOUGLAS",36,1764,801,1,1
"17031351500","DOUGLAS",11,1330,841,1,1
"17031360200","OAKLAND",16,1533,767,1,1
"17031380100","GRAND BOULEVARD",37,2132,1019,1,1
"17031380200","GRAND BOULEVARD",22,1071,393,1,1
"17031380500","GRAND BOULEVARD",9,855,321,1,1
"17031380700","GRAND BOULEVARD",18,672,260,1,1
"17031381200","GRAND BOULEVARD",37,1514,753,1,1
"17031381400","GRAND BOULEVARD",24,1075,421,1,1
"17031381500","GRAND BOULEVARD",8,248,86,1,1
"17031381700","GRAND BOULEVARD",2,114,50,1,1
"17031381800","GRAND BOULEVARD",23,1065,437,1,1
"17031381900","GRAND BOULEVARD",19,1397,497,1,1
"17031390100","KENWOOD",18,1506,631,0.930203829524398,0.950301204819277
"17031390100",NA,2,113,33,0.0697961704756022,0.0496987951807229
"17031390200","KENWOOD",22,1216,529,1,1
"17031390300","KENWOOD",26,963,441,1,1
"17031390400","KENWOOD",24,1188,501,1,1
"17031390500","KENWOOD",10,592,240,1,1
"17031390600","KENWOOD",18,498,194,1,1
"17031390700","HYDE PARK",2,58,16,0.0269767441860465,0.0160965794768612
"17031390700","KENWOOD",39,2092,978,0.973023255813953,0.983903420523139
"17031400300","WASHINGTON PARK",35,1878,939,1,1
"17031400400","WASHINGTON PARK",29,1211,576,1,1
"17031400500","WASHINGTON PARK",27,1383,583,1,1
"17031400800","WASHINGTON PARK",24,792,334,1,1
"17031410100","HYDE PARK",13,764,313,1,1
"17031410200","HYDE PARK",6,165,65,1,1
"17031410500","HYDE PARK",21,1414,746,1,1
"17031410600","HYDE PARK",23,837,353,1,1
"17031410700","HYDE PARK",14,436,189,1,1
"17031410800","HYDE PARK",19,1234,659,1,1
"17031410900","HYDE PARK",22,2584,1470,1,1
"17031411000","HYDE PARK",37,2354,997,1,1
"17031411100","HYDE PARK",22,985,555,1,1
"17031411200","HYDE PARK",23,1381,573,1,1
"17031420100","HYDE PARK",1,75,28,0.0635593220338983,0.0646651270207852
"17031420100","WOODLAWN",25,1105,405,0.936440677966102,0.935334872979215
"17031420200","WOODLAWN",19,1490,614,1,1
"17031420300","WOODLAWN",12,585,261,1,1
"17031420400","WOODLAWN",17,547,223,1,1
"17031420500","WOODLAWN",30,1695,685,1,1
"17031420600","WOODLAWN",31,3498,2058,1,1
"17031420700","WOODLAWN",77,4155,1617,1,1
"17031420800","WOODLAWN",36,1349,585,1,1
"17031421200","WOODLAWN",31,1225,537,1,1
"17031430101","SOUTH SHORE",32,1859,867,1,1
"17031430102","SOUTH SHORE",17,874,434,1,1
"17031430200","SOUTH SHORE",45,3123,1548,1,1
"17031430300","SOUTH SHORE",47,2649,977,1,1
"17031430400","GREATER GRAND CROSSING",1,14,15,0.00357598978288633,0.0100942126514132
"17031430400","SOUTH SHORE",65,3901,1471,0.996424010217114,0.989905787348587
"17031430500","SOUTH SHORE",37,2497,1541,1,1
"17031430600","SOUTH SHORE",30,1818,731,1,1
"17031430700","SOUTH SHORE",15,662,244,1,1
"17031430800","SOUTH SHORE",40,2928,1249,1,1
"17031430900","SOUTH SHORE",37,1913,772,1,1
"17031431200","SOUTH SHORE",74,3931,1954,1,1
"17031431301","SOUTH SHORE",42,1755,666,1,1
"17031431302","SOUTH SHORE",45,2715,1159,1,1
"17031431400","SOUTH SHORE",34,1849,800,1,1
"17031440101","CHATHAM",39,1744,645,1,1
"17031440102","CHATHAM",48,2182,803,1,1
"17031440201","CHATHAM",60,2782,1345,1,1
"17031440202","CHATHAM",56,2155,782,1,1
"17031440300","CHATHAM",108,7152,3433,1,1
"17031440600","CHATHAM",65,2835,1448,1,1
"17031440700","CHATHAM",36,1652,675,1,1
"17031440800","CHATHAM",39,1347,582,1,1
"17031440900","CHATHAM",76,3357,1337,1,1
"17031450300","AVALON PARK",144,7379,2879,1,1
"17031460100","SOUTH CHICAGO",80,4406,1732,0.95637074017799,0.931182795698925
"17031460100","SOUTH SHORE",1,0,0,0,0
"17031460100",NA,4,201,128,0.04362925982201,0.0688172043010753
"17031460200","SOUTH CHICAGO",49,2569,1131,1,1
"17031460301","SOUTH CHICAGO",53,3316,1393,1,1
"17031460302","SOUTH CHICAGO",77,5101,2448,1,1
"17031460400","SOUTH CHICAGO",64,3885,1631,1,1
"17031460500","SOUTH CHICAGO",155,8082,3352,1,1
"17031460600","SOUTH CHICAGO",22,963,378,1,1
"17031460700","SOUTH CHICAGO",32,3276,2162,1,1
"17031461000","SOUTH CHICAGO",56,2664,1057,1,1
"17031470100","BURNSIDE",97,3937,1642,0.976196379866105,0.980884109916368
"17031470100","CALUMET HEIGHTS",1,96,32,0.0238036201338954,0.019115890083632
"17031480100","CALUMET HEIGHTS",75,4576,1734,1,1
"17031480200","CALUMET HEIGHTS",35,1940,689,1,1
"17031480300","CALUMET HEIGHTS",46,2651,1134,1,1
"17031480400","CALUMET HEIGHTS",201,10424,4186,1,1
"17031480500","CALUMET HEIGHTS",171,11436,5095,0.997122678524719,0.997259737717753
"17031480500","SOUTH CHICAGO",1,33,14,0.00287732147528119,0.00274026228224702
"17031490300","ROSELAND",57,3275,1598,1,1
"17031490400","ROSELAND",33,1428,643,1,1
"17031490500","ROSELAND",68,3073,1593,1,1
"17031490600","ROSELAND",74,3950,1600,1,1
"17031490700","ROSELAND",72,4066,1750,1,1
"17031490800","ROSELAND",130,7358,3386,1,1
"17031490901","ROSELAND",84,4533,2324,1,1
"17031490902","ROSELAND",152,6784,2865,1,1
"17031491000","ROSELAND",146,9006,4268,1,1
"17031491100","ROSELAND",146,9483,4438,1,1
"17031491200","ROSELAND",72,4507,2138,1,1
"17031491300","ROSELAND",74,4429,1997,1,1
"17031491400","ROSELAND",80,4728,1854,1,1
"17031500100","PULLMAN",120,5735,2690,1,1
"17031500200","PULLMAN",51,2596,1205,1,1
"17031500300","PULLMAN",52,3833,1727,0.987377640391551,0.986293546544831
"17031500300","RIVERDALE",1,49,24,0.0126223596084493,0.0137064534551685
"17031510100","SOUTH DEERING",135,7295,2915,1,1
"17031510200","SOUTH DEERING",72,4733,1782,1,1
"17031510300","PULLMAN",1,55,19,0.00791594703511802,0.00674955595026643
"17031510300","SOUTH DEERING",127,6893,2796,0.992084052964882,0.993250444049734
"17031520100","EAST SIDE",89,4253,1719,0.934314586994728,0.929189189189189
"17031520100",NA,8,299,131,0.0656854130052724,0.0708108108108108
"17031520200","EAST SIDE",76,3507,1461,1,1
"17031520300","EAST SIDE",101,6740,2745,1,1
"17031520400","EAST SIDE",73,3050,1262,1,1
"17031520500","EAST SIDE",102,4135,1778,0.91929746554024,0.887225548902196
"17031520500","HEGEWISCH",3,363,226,0.0807025344597599,0.112774451097804
"17031520600","EAST SIDE",65,3117,1851,0.959076923076923,0.97626582278481
"17031520600","HEGEWISCH",2,133,45,0.0409230769230769,0.0237341772151899
"17031530100","WEST PULLMAN",74,4692,2151,1,1
"17031530200","WEST PULLMAN",218,12611,5763,1,1
"17031530300","WEST PULLMAN",112,5762,2486,1,1
"17031530400","WEST PULLMAN",86,6284,3021,1,1
"17031530501","WEST PULLMAN",135,6903,3287,1,1
"17031530502","WEST PULLMAN",45,2497,1170,0.932760552857676,0.945072697899838
"17031530502",NA,4,180,68,0.0672394471423235,0.0549273021001615
"17031530503","WEST PULLMAN",177,10572,5224,0.974917004795279,0.97480873297257
"17031530503",NA,6,272,135,0.0250829952047215,0.0251912670274305
"17031530600","WEST PULLMAN",109,6188,2938,1,1
"17031540101","RIVERDALE",80,5810,2988,1,1
"17031540102","RIVERDALE",93,4590,1837,1,1
"17031550100","HEGEWISCH",249,16253,7955,0.987184159378037,0.989797188005475
"17031550100",NA,2,211,82,0.0128158406219631,0.0102028119945253
"17031550200","HEGEWISCH",192,12747,6016,0.98584686774942,0.988823142669296
"17031550200","RIVERDALE",4,183,68,0.01415313225058,0.0111768573307035
"17031560100","GARFIELD RIDGE",50,2158,849,0.983143507972665,0.982638888888889
"17031560100",NA,2,37,15,0.0168564920273349,0.0173611111111111
"17031560200","GARFIELD RIDGE",55,2698,1223,1,1
"17031560300","GARFIELD RIDGE",66,2623,1119,1,1
"17031560400","GARFIELD RIDGE",35,1533,627,1,1
"17031560700","GARFIELD RIDGE",80,4396,1970,1,1
"17031560800","GARFIELD RIDGE",141,7024,3174,1,1
"17031560900","GARFIELD RIDGE",121,6010,2420,0.996352785145889,0.991803278688525
"17031560900",NA,2,22,20,0.00364721485411141,0.00819672131147541
"17031561000","GARFIELD RIDGE",123,6487,2924,1,1
"17031561100","GARFIELD RIDGE",148,9589,4274,1,1
"17031570100","ARCHER HEIGHTS",36,1185,555,1,1
"17031570200","ARCHER HEIGHTS",55,2761,1200,1,1
"17031570300","ARCHER HEIGHTS",93,5479,2423,1,1
"17031570400","ARCHER HEIGHTS",35,1600,600,1,1
"17031570500","ARCHER HEIGHTS",47,3326,1646,0.930870417016513,0.883995703544576
"17031570500","WEST ELSDON",1,247,216,0.0691295829834873,0.116004296455424
"17031580100","BRIGHTON PARK",69,4080,1934,1,1
"17031580200","BRIGHTON PARK",72,3994,1689,1,1
"17031580300","BRIGHTON PARK",28,1933,985,0.949410609037328,0.967583497053045
"17031580300","SOUTH LAWNDALE",3,103,33,0.0505893909626719,0.0324165029469548
"17031580400","BRIGHTON PARK",78,3630,1802,1,1
"17031580501","BRIGHTON PARK",67,3453,1333,1,1
"17031580502","BRIGHTON PARK",62,2699,1279,1,1
"17031580600","BRIGHTON PARK",59,3837,2031,1,1
"17031580700","BRIGHTON PARK",55,2799,1384,1,1
"17031580800","BRIGHTON PARK",16,686,330,1,1
"17031590500","MCKINLEY PARK",42,2295,1279,1,1
"17031590600","MCKINLEY PARK",41,2150,885,1,1
"17031590700","BRIDGEPORT",1,0,0,0,0
"17031590700","MCKINLEY PARK",50,2713,1225,1,1
"17031600400","BRIDGEPORT",37,2569,1234,1,1
"17031600600","BRIDGEPORT",50,2712,1288,1,1
"17031600700","BRIDGEPORT",60,4839,2711,1,1
"17031600900","BRIDGEPORT",58,4524,2345,1,1
"17031610300","NEW CITY",85,4813,2071,1,1
"17031610400","NEW CITY",21,1326,489,1,1
"17031610800","FULLER PARK",1,15,7,0.00831485587583148,0.0080091533180778
"17031610800","NEW CITY",36,1789,867,0.991685144124169,0.991990846681922
"17031611000","NEW CITY",43,2539,1038,1,1
"17031611100","NEW CITY",43,1963,1366,1,1
"17031611200","NEW CITY",41,1675,804,1,1
"17031611300","NEW CITY",39,2990,1584,1,1
"17031611400","NEW CITY",32,1703,640,1,1
"17031611500","NEW CITY",45,3873,2045,1,1
"17031611600","NEW CITY",41,3101,1483,1,1
"17031611700","NEW CITY",40,2519,1085,1,1
"17031611800","NEW CITY",38,1849,780,1,1
"17031611900","NEW CITY",63,3717,1638,1,1
"17031612000","NEW CITY",37,2038,998,1,1
"17031612100","NEW CITY",47,3960,1758,1,1
"17031620100","WEST ELSDON",85,4871,2143,1,1
"17031620200","WEST ELSDON",47,2295,933,1,1
"17031620300","WEST ELSDON",114,7423,3353,1,1
"17031620400","GAGE PARK",1,48,17,0.0101802757158006,0.00699300699300699
"17031620400","WEST ELSDON",63,4667,2414,0.989819724284199,0.993006993006993
"17031630100","GAGE PARK",27,726,388,0.677238805970149,0.765285996055227
"17031630100","NEW CITY",3,346,119,0.322761194029851,0.234714003944773
"17031630200","GAGE PARK",38,2159,814,1,1
"17031630300","GAGE PARK",68,4049,2088,1,1
"17031630400","GAGE PARK",79,4854,2168,1,1
"17031630500","GAGE PARK",74,4239,2045,1,1
"17031630800","GAGE PARK",82,4858,2279,1,1
"17031630900","GAGE PARK",67,3875,1635,1,1
"17031640100","CLEARING",26,2298,910,1,1
"17031640300","CLEARING",141,6880,3747,1,1
"17031640400","CLEARING",95,5807,2717,1,1
"17031640500","CLEARING",67,3836,1857,1,1
"17031640600","CLEARING",76,4457,1721,1,1
"17031640700","CLEARING",69,4995,2525,1,1
"17031640800","CLEARING",34,2459,1146,1,1
"17031650100","WEST LAWN",75,5172,2183,1,1
"17031650200","WEST LAWN",112,6353,2652,1,1
"17031650301","WEST LAWN",86,4036,1706,1,1
"17031650302","WEST LAWN",78,4880,1922,1,1
"17031650400","WEST LAWN",105,5574,2317,1,1
"17031650500","WEST LAWN",98,6146,2571,1,1
"17031660301","CHICAGO LAWN",24,1836,729,1,1
"17031660302","CHICAGO LAWN",56,3279,1188,1,1
"17031660400","CHICAGO LAWN",64,4380,1914,1,1
"17031660500","CHICAGO LAWN",71,4143,1944,1,1
"17031660600","CHICAGO LAWN",78,4275,1851,1,1
"17031660700","CHICAGO LAWN",53,3523,1746,1,1
"17031660800","CHICAGO LAWN",74,4010,1988,1,1
"17031660900","CHICAGO LAWN",93,6085,2757,1,1
"17031661000","CHICAGO LAWN",123,7394,3003,1,1
"17031661100","CHICAGO LAWN",104,6125,2475,0.981885219621674,0.984486873508353
"17031661100","WEST LAWN",1,113,39,0.0181147803783264,0.0155131264916468
"17031670100","WEST ENGLEWOOD",44,3013,1318,1,1
"17031670200","WEST ENGLEWOOD",42,2603,1403,1,1
"17031670300","WEST ENGLEWOOD",34,1232,509,1,1
"17031670400","WEST ENGLEWOOD",44,2561,1195,1,1
"17031670500","WEST ENGLEWOOD",57,3573,1821,1,1
"17031670600","WEST ENGLEWOOD",39,3870,2428,1,1
"17031670700","WEST ENGLEWOOD",42,2269,1156,1,1
"17031670800","WEST ENGLEWOOD",49,2686,1007,1,1
"17031670900","WEST ENGLEWOOD",39,2362,995,1,1
"17031671100","WEST ENGLEWOOD",27,1364,475,1,1
"17031671200","WEST ENGLEWOOD",28,1369,642,1,1
"17031671300","WEST ENGLEWOOD",60,2713,1177,1,1
"17031671400","WEST ENGLEWOOD",51,3091,1563,1,1
"17031671500","WEST ENGLEWOOD",88,4489,1970,1,1
"17031671600","WEST ENGLEWOOD",61,3830,2497,1,1
"17031671800","WEST ENGLEWOOD",35,1946,824,1,1
"17031671900","WEST ENGLEWOOD",43,3798,1873,1,1
"17031672000","AUBURN GRESHAM",2,88,45,0.0254114929252094,0.0251818690542809
"17031672000","WEST ENGLEWOOD",74,3375,1742,0.974588507074791,0.974818130945719
"17031680500","ENGLEWOOD",46,3020,2138,1,1
"17031680600","ENGLEWOOD",47,2731,1172,1,1
"17031680900","ENGLEWOOD",111,7066,3417,1,1
"17031681000","ENGLEWOOD",75,5539,2842,1,1
"17031681100","ENGLEWOOD",73,4729,2470,1,1
"17031681200","ENGLEWOOD",61,3768,1630,1,1
"17031681300","AUBURN GRESHAM",1,18,10,0.00546946216955333,0.00598444045481747
"17031681300","ENGLEWOOD",52,3273,1661,0.994530537830447,0.994015559545183
"17031681400","ENGLEWOOD",68,3552,1502,1,1
"17031690300","GREATER GRAND CROSSING",53,3456,1616,1,1
"17031690400","GREATER GRAND CROSSING",75,3683,1410,1,1
"17031690500","GREATER GRAND CROSSING",30,2088,1271,1,1
"17031690900","GREATER GRAND CROSSING",73,3843,1496,1,1
"17031691000","GREATER GRAND CROSSING",49,4075,1663,1,1
"17031691100","GREATER GRAND CROSSING",78,5146,2340,1,1
"17031691200","GREATER GRAND CROSSING",78,4164,2254,1,1
"17031691300","GREATER GRAND CROSSING",55,2842,1283,1,1
"17031691400","GREATER GRAND CROSSING",77,4226,1727,1,1
"17031691500","GREATER GRAND CROSSING",62,3247,1232,1,1
"17031700100","ASHBURN",116,5267,2209,1,1
"17031700200","ASHBURN",69,2878,1106,1,1
"17031700301","ASHBURN",47,2708,1074,1,1
"17031700302","ASHBURN",134,8106,3630,1,1
"17031700401","ASHBURN",166,11738,5134,1,1
"17031700402","ASHBURN",94,5084,1973,1,1
"17031700501","ASHBURN",206,13666,6620,0.994035496072156,0.996237772761475
"17031700501","AUBURN GRESHAM",1,82,25,0.00596450392784405,0.00376222723852521
"17031700502","ASHBURN",61,3245,1681,0.978883861236802,0.98650234741784
"17031700502","AUBURN GRESHAM",1,70,23,0.0211161387631976,0.0134976525821596
"17031710100","AUBURN GRESHAM",25,1245,534,1,1
"17031710200","AUBURN GRESHAM",68,4332,2255,1,1
"17031710300","AUBURN GRESHAM",30,1786,878,1,1
"17031710400","AUBURN GRESHAM",106,5926,3029,1,1
"17031710500","AUBURN GRESHAM",65,3810,1790,1,1
"17031710600","AUBURN GRESHAM",27,3136,1538,1,1
"17031710700","AUBURN GRESHAM",55,3486,1720,1,1
"17031710800","AUBURN GRESHAM",91,5832,2785,1,1
"17031710900","AUBURN GRESHAM",75,4407,1813,1,1
"17031711000","AUBURN GRESHAM",71,5548,2940,1,1
"17031711100","AUBURN GRESHAM",67,5116,3089,1,1
"17031711200","AUBURN GRESHAM",140,8125,3742,1,1
"17031711300","AUBURN GRESHAM",47,3106,1139,1,1
"17031711400","AUBURN GRESHAM",85,4469,1773,1,1
"17031711500","AUBURN GRESHAM",83,6607,3479,1,1
"17031720100","BEVERLY",78,3869,1555,1,1
"17031720200","BEVERLY",73,4188,1821,1,1
"17031720300","BEVERLY",101,5046,2284,1,1
"17031720400","BEVERLY",50,2625,1339,1,1
"17031720500","BEVERLY",74,3764,1864,1,1
"17031720600","BEVERLY",60,3586,1723,1,1
"17031720700","BEVERLY",48,2611,1078,1,1
"17031730100","WASHINGTON HEIGHTS",64,2687,982,1,1
"17031730201","WASHINGTON HEIGHTS",118,6245,2657,1,1
"17031730202","WASHINGTON HEIGHTS",94,5436,2188,1,1
"17031730300","WASHINGTON HEIGHTS",34,1688,625,1,1
"17031730400","WASHINGTON HEIGHTS",106,6676,3452,1,1
"17031730500","WASHINGTON HEIGHTS",170,9004,3706,1,1
"17031730600","WASHINGTON HEIGHTS",114,6466,2634,1,1
"17031730700","WASHINGTON HEIGHTS",71,4578,2136,1,1
"17031740100","MOUNT GREENWOOD",91,4526,1964,1,1
"17031740200","MOUNT GREENWOOD",70,4026,1861,1,1
"17031740300","MOUNT GREENWOOD",104,6965,3040,1,1
"17031740400","MOUNT GREENWOOD",78,3660,1705,1,1
"17031750100","MORGAN PARK",108,5785,2668,1,1
"17031750200","MORGAN PARK",61,4187,1692,1,1
"17031750300","MORGAN PARK",65,2495,1158,1,1
"17031750400","MORGAN PARK",99,5599,2648,1,1
"17031750500","MORGAN PARK",126,8911,4707,1,1
"17031750600","MORGAN PARK",141,8731,4502,1,1
"17031760801","OHARE",34,1312,506,1,1
"17031760802","OHARE",51,1841,747,0.92280701754386,0.94080604534005
"17031760802",NA,2,154,47,0.0771929824561404,0.0591939546599496
"17031760803","OHARE",30,1474,807,1,1
"17031770602","OHARE",6,445,195,0.980176211453744,0.965346534653465
"17031770602",NA,4,9,7,0.0198237885462555,0.0346534653465347
"17031770902","OHARE",2,45,20,1,1
"17031810400","NORWOOD PARK",15,814,355,0.983091787439614,0.975274725274725
"17031810400",NA,1,14,9,0.0169082125603865,0.0247252747252747
"17031821402","WEST PULLMAN",6,250,86,0.788643533123028,0.710743801652893
"17031821402",NA,2,67,35,0.211356466876972,0.289256198347107
"17031823304","MORGAN PARK",2,79,36,1,1
"17031823304",NA,1,0,0,0,0
"17031830500","ARCHER HEIGHTS",1,2,1,0.000279642058165548,0.000292654375182909
"17031830500","SOUTH LAWNDALE",103,7150,3416,0.999720357941834,0.999707345624817
"17031830600","ROGERS PARK",64,3209,1647,1,1
"17031830700","UPTOWN",31,2109,1076,1,1
"17031830800","LINCOLN SQUARE",27,1757,754,1,1
"17031830900","LOGAN SQUARE",90,5298,2343,1,1
"17031831000","LOGAN SQUARE",32,1756,696,0.5278028253682,0.437460716530484
"17031831000","WEST TOWN",18,1571,895,0.4721971746318,0.562539283469516
"17031831100","AVONDALE",105,5545,2209,1,1
"17031831200","HERMOSA",63,3442,1334,1,1
"17031831300","AUSTIN",42,1542,663,1,1
"17031831400","AUSTIN",108,5973,2993,1,1
"17031831500","BELMONT CRAGIN",63,3604,1486,0.984968570647718,0.98606502986065
"17031831500","MONTCLARE",2,55,21,0.015031429352282,0.0139349701393497
"17031831600","MONTCLARE",121,7223,3797,1,1
"17031831700","PORTAGE PARK",58,3096,1300,1,1
"17031831800","NORTH PARK",93,3889,1447,1,1
"17031831900","LAKE VIEW",45,1995,865,1,1
"17031832000","LAKE VIEW",21,1523,724,1,1
"17031832100","LAKE VIEW",31,1719,678,1,1
"17031832200","LOGAN SQUARE",81,4884,2065,1,1
"17031832300","LOGAN SQUARE",88,4585,2067,1,1
"17031832400","LOGAN SQUARE",38,1869,762,1,1
"17031832500","LINCOLN PARK",81,4464,2254,1,1
"17031832600","LINCOLN PARK",58,3060,1353,1,1
"17031832900","NEAR WEST SIDE",47,2266,978,1,1
"17031833000","NEAR WEST SIDE",191,9935,4686,1,1
"17031833100","NEAR WEST SIDE",90,4369,2025,1,1
"17031833300","NEAR WEST SIDE",39,1507,544,1,1
"17031833900","SOUTH CHICAGO",55,2840,1159,1,1
"17031834000","ROSELAND",74,6280,3124,1,1
"17031834200","SOUTH SHORE",112,5051,2154,1,1
"17031834300","AVALON PARK",169,7456,3223,0.98507068304928,0.987136294027565
"17031834300","CHATHAM",2,113,42,0.01492931695072,0.0128637059724349
"17031834400","WOODLAWN",46,2273,907,1,1
"17031834500","WASHINGTON PARK",35,1745,681,1,1
"17031834600","ENGLEWOOD",174,7515,3070,1,1
"17031834700","ENGLEWOOD",79,5354,2762,1,1
"17031834800","ENGLEWOOD",64,5079,3120,1,1
"17031834900","WEST ENGLEWOOD",48,2732,1240,1,1
"17031835000","CHICAGO LAWN",88,5639,2621,1,1
"17031835100","GAGE PARK",94,7429,3424,0.9995963401507,0.999416228838295
"17031835100","WEST ENGLEWOOD",1,3,2,0.000403659849300323,0.000583771161704612
"17031835200","GARFIELD RIDGE",63,2896,1333,1,1
"17031835500","FULLER PARK",106,6817,3552,1,1
"17031835600","FULLER PARK",67,3153,1364,1,1
"17031835700","GRAND BOULEVARD",7,369,130,1,1
"17031835800","GRAND BOULEVARD",27,1505,627,1,1
"17031835900","GRAND BOULEVARD",61,2847,1213,1,1
"17031836000","GRAND BOULEVARD",62,3145,1709,1,1
"17031836100","WASHINGTON PARK",22,1389,578,1,1
"17031836200","HYDE PARK",28,2616,948,1,1
"17031836300","HYDE PARK",13,634,323,1,1
"17031836400","OAKLAND",67,4024,1692,0.991377186499138,0.991212653778559
"17031836400",NA,2,35,15,0.00862281350086228,0.00878734622144113
"17031836500","OAKLAND",31,1496,583,0.878965922444183,0.864985163204748
"17031836500",NA,4,206,91,0.121034077555817,0.135014836795252
"17031836600","HUMBOLDT PARK",66,4177,1787,1,1
"17031836700","HUMBOLDT PARK",87,4323,1861,1,1
"17031836800","EAST GARFIELD PARK",42,2626,1333,1,1
"17031836900","EAST GARFIELD PARK",15,571,222,1,1
"17031837000","EAST GARFIELD PARK",55,2661,1241,1,1
"17031837100","EAST GARFIELD PARK",62,2874,1513,1,1
"17031837300","EAST GARFIELD PARK",40,1742,898,1,1
"17031837400","EAST GARFIELD PARK",67,4407,2482,1,1
"17031837800","NEAR WEST SIDE",75,4657,2533,1,1
"17031838000","NEAR WEST SIDE",70,5367,2860,1,1
"17031838100","NEAR WEST SIDE",76,4283,1814,1,1
"17031838200","NEAR WEST SIDE",87,3518,1575,1,1
"17031838300","NEAR NORTH SIDE",32,1228,511,1,1
"17031838600","NORTH LAWNDALE",29,2201,1164,1,1
"17031838700","NORTH LAWNDALE",87,3895,1509,1,1
"17031838800","SOUTH DEERING",248,13749,6397,1,1
"17031839000","LOOP",29,1920,1006,1,1
"17031839100","LOOP",169,9771,4301,1,1
"17031839200","DOUGLAS",37,1159,516,1,1
"17031839500","DOUGLAS",17,762,290,1,1
"17031839600","DOUGLAS",31,1468,699,1,1
"17031839700","BRIDGEPORT",60,2849,1189,1,1
"17031839800","BRIDGEPORT",30,1584,662,1,1
"17031839900","BRIDGEPORT",94,5362,2623,1,1
"17031840000","ARMOUR SQUARE",2,118,55,0.0665914221218962,0.0795947901591896
"17031840000","BRIDGEPORT",45,1654,636,0.933408577878104,0.92040520984081
"17031840100","BRIDGEPORT",42,1834,753,1,1
"17031840200","ARMOUR SQUARE",3,298,118,0.0785243741765481,0.0689655172413793
"17031840200","BRIDGEPORT",58,3497,1593,0.921475625823452,0.931034482758621
"17031840300","MCKINLEY PARK",89,5348,2879,1,1
"17031840400","LOWER WEST SIDE",3,86,33,0.0178312253783952,0.0139593908629442
"17031840400","MCKINLEY PARK",91,4737,2331,0.982168774621605,0.986040609137056
"17031840700","SOUTH LAWNDALE",47,2827,1243,1,1
"17031840800","SOUTH LAWNDALE",33,1623,861,1,1
"17031841000","NEAR SOUTH SIDE",82,4834,2173,0.991183104367439,0.994053064958829
"17031841000",NA,2,43,13,0.008816895632561,0.00594693504117109
"17031841100","ARMOUR SQUARE",134,6575,3036,0.991255842002111,0.993780687397709
"17031841100","BRIDGEPORT",1,58,19,0.00874415799788934,0.00621931260229133
"17031841200","LOWER WEST SIDE",64,3682,1547,1,1
"17031841200","SOUTH LAWNDALE",1,0,0,0,0
"17031841300","LOWER WEST SIDE",107,8138,3636,0.967197527929641,0.973493975903614
"17031841300","MCKINLEY PARK",5,276,99,0.0328024720703589,0.0265060240963855
"17031841400","NORTH LAWNDALE",31,1685,875,1,1
"17031841500","NORTH LAWNDALE",64,3892,1477,1,1
"17031841600","NORTH LAWNDALE",26,1781,672,1,1
"17031841700","SOUTH LAWNDALE",26,1349,574,1,1
"17031841800","GREATER GRAND CROSSING",87,4643,1740,1,1
"17031841900","NEAR WEST SIDE",185,9898,4395,1,1
"17031842000","DOUGLAS",31,1086,505,1,1
"17031842100","HUMBOLDT PARK",111,5499,2471,1,1
"17031842200","NEAR NORTH SIDE",82,3911,1472,0.991632860040568,0.994594594594595
"17031842200","WEST TOWN",1,33,8,0.00836713995943205,0.00540540540540541
"17031842300","NEAR WEST SIDE",1,84,26,0.0090351726363343,0.00625902744342802
"17031842300","WEST TOWN",165,9213,4128,0.990964827363666,0.993740972556572
"17031842400","CHATHAM",159,8244,3890,1,1
"17031842500","GREATER GRAND CROSSING",59,3985,1951,1,1
"17031842600","FULLER PARK",2,81,30,0.00849590937696665,0.00676132521974307
"17031842600","NEW CITY",165,9453,4407,0.991504090623033,0.993238674780257
"17031842800","BRIGHTON PARK",98,5188,2200,1,1
"17031842900","LOWER WEST SIDE",1,25,17,0.00320841889117043,0.00460829493087558
"17031842900","NEAR WEST SIDE",157,7503,3463,0.96291067761807,0.938736785036595
"17031842900","NORTH LAWNDALE",1,264,209,0.0338809034907598,0.0566549200325291
"17031843000","NORTH LAWNDALE",85,4410,1869,1,1
"17031843100","NORTH LAWNDALE",54,2378,890,1,1
"17031843200","BRIDGEPORT",3,164,89,0.0183732915079543,0.0198749441715051
"17031843200","LOWER WEST SIDE",115,8510,4284,0.95339457763836,0.956677087985708
"17031843200","MCKINLEY PARK",2,252,105,0.0282321308536859,0.023447967842787
"17031843300","NORTH LAWNDALE",50,2373,1081,1,1
"17031843400","NORTH LAWNDALE",45,2774,1567,1,1
"17031843500","BRIGHTON PARK",3,100,42,0.0434971726837756,0.0404234841193455
"17031843500","SOUTH LAWNDALE",48,2199,997,0.956502827316224,0.959576515880655
"17031843600","GRAND BOULEVARD",45,2046,961,1,1
"17031843700","NORTH CENTER",62,4738,2290,1,1
"17031843800","NEW CITY",92,5061,2270,1,1
"17031843900","SOUTH SHORE",12,477,170,0.150236220472441,0.126771066368382
"17031843900","WOODLAWN",39,2312,1016,0.728188976377953,0.757643549589858
"17031843900",NA,6,386,155,0.121574803149606,0.11558538404176
"17031980000","OHARE",75,4418,2314,0.967162872154116,0.973905723905724
"17031980000",NA,6,150,62,0.0328371278458844,0.0260942760942761
"17031980100","GARFIELD RIDGE",11,422,212,1,1
